Ligne;Mois;Annee;Loyer;LoyerPercu;LoyerImposable;CapitalRestantDu;Interets;InteretsAnnuels;Mensualite;MensualiteAnnuelle;AssurancePret;AssurantePretAnnuelle;AssurancePNO;EvolPNO;AssurancePNUAnnuelle;AssuranceGRL;AssuranceGRLAnnuelle;AssuranceCopro;AssuranceCoproAnnuelle;ChargesCopro;ChargesCoproAnnuelle;ChargesIndividuel;AutresCharges;AutresChargesAnnuelles;AutresRevenus;ChargesSCI;FraisAgence;FraisAgenceAnnuel;TaxeFonciere;TaxeFonciereAnnuelle;TravauxRenovation;TravauxRenovationAnnuel;TravauxEntretien;TravauxEntretienAnnuel;Tresorerie;Tresorerie Cumulee;DureeRestanteAnticipeIndiv;DateRemAnticipeIndiv;DateRemAnticipeIndivCalc;NbPartsFiscales;MontantImposableIndiv;Régime fiscal indiv;TotalImposable;TxImpots;MontantImpots;MontantCSG;ChargesDeductiblesCommunes;ChargesLMNP;AmortiBati;AmortiMeubles;TravauxRenovDeduc;TravauxRenovNonDeduc;MontantImposableSCI;ImpotsSCI;TresorerieSCI;DividendeVerse;TresorerieSCIRestante;TresorerieSCIRestanteCumulee;DureeRestanteAnticipeSCI;DateRemAnticipeSCI;DateRemAnticipeSCICalculee;TotalImposable;TxImpotsAssocie;ImpotsAssocie;CSGAssocie;DividendeNetAssocie;
0;2;2019;0;0;0;208200;277,6;;1014,26;;52,05;;33,33;;;38,33;38,33;0;0;0;0;462,9;0;;2166,67;;0;;141,67;141,67;;;12,5;;-1292,14;-1292,14;1200;Février 2119;25430;1;0;NC;2166,67;14;0;0;555,48;18292,58;0;0;0;0;0;;;;;;;;;2166,67;;;;;
1;3;2019;0;0;0;207463,34;276,62;;1014,26;;52,05;;33,33;;;38,33;76,66;0;0;0;0;924,98;0;;2166,67;;0;;141,67;283,34;;;12,5;;-1292,14;-2584,28;1200;Mars 2119;25431;1;0;NC;2166,67;14;0;0;554,5;18385;0;0;0;0;0;;;;;;;;;2166,67;;;;;
2;4;2019;0;0;0;206725,7;275,63;;1014,26;;52,05;;33,33;;;38,33;114,99;0;0;0;0;1386,24;0;;2166,67;;0;;141,67;425,01;;;12,5;;-1292,14;-3876,42;1200;Avril 2119;25432;1;0;NC;2166,67;14;0;0;553,51;18477,25;0;0;0;0;0;;;;;;;;;2166,67;;;;;
3;5;2019;0;0;0;205987,07;274,65;;1014,26;;52,05;;33,33;;;38,33;153,32;0;0;0;0;1846,68;0;;2166,67;;0;;141,67;566,68;;;12,5;;-1292,14;-5168,56;1200;Mai 2119;25433;1;0;NC;2166,67;14;0;0;552,53;18569,34;0;0;0;0;0;;;;;;;;;2166,67;;;;;
4;6;2019;0;0;0;205247,46;273,66;;1014,26;;52,05;;33,33;;;38,33;191,65;0;0;0;0;2306,3;0;;2166,67;;0;;141,67;708,35;;;12,5;;-1292,14;-6460,7;1200;Juin 2119;25434;1;0;NC;2166,67;14;0;0;551,54;18661,26;0;0;0;0;0;;;;;;;;;2166,67;;;;;
5;7;2019;0;0;0;204506,86;272,68;;1014,26;;52,05;;33,33;;;38,33;229,98;0;0;0;0;2765,1;0;;2166,67;;0;;141,67;850,02;;;12,5;;-1292,14;-7752,84;1200;Juillet 2119;25435;1;0;NC;2166,67;14;0;0;550,56;18753,02;0;0;0;0;0;;;;;;;;;2166,67;;;;;
6;8;2019;2240;1866,67;1866,67;203765,28;271,69;;1014,26;;52,05;;33,33;;;38,33;268,31;0;0;0;0;3223,08;0;;2166,67;;0;;141,67;991,69;;;12,5;;574,53;-7178,31;1200;Aout 2119;25436;1;0;NC;2166,67;14;0;0;549,57;18997,4;666,67;41,67;0;0;0;;;;;;;;;2166,67;;;;;
7;9;2019;2240;1866,67;1866,67;203022,71;270,7;;1014,26;;52,05;;33,33;;;38,33;306,64;0;0;0;0;2613,56;0;;2166,67;;0;;141,67;1133,36;;;12,5;;574,53;-6603,78;1200;Septembre 2119;25437;1;0;NC;2166,67;14;0;0;548,58;18441,61;666,67;41,67;0;0;0;;;;;;;;;2166,67;;;;;
8;10;2019;2240;1866,67;1866,67;202279,15;269,71;;1014,26;;52,05;;33,33;;;38,33;344,97;0;0;0;0;2003,22;0;;2166,67;;0;;141,67;1275,03;;;12,5;;574,53;-6029,25;1200;Octobre 2119;25438;1;0;NC;2166,67;14;0;0;547,59;17885,66;666,67;41,67;0;0;0;;;;;;;;;2166,67;;;;;
9;11;2019;2240;1866,67;1866,67;201534,6;268,71;;1014,26;;52,05;;33,33;;;38,33;383,3;0;0;0;0;1392,04;0;;2166,67;;0;;141,67;1416,7;;;12,5;;574,53;-5454,72;1200;Novembre 2119;25439;1;0;NC;2166,67;14;0;0;546,59;17329,54;666,67;41,67;0;0;0;;;;;;;;;2166,67;;;;;
10;12;2019;2240;1866,67;1866,67;200789,05;267,72;;1014,26;;52,05;;33,33;;;38,33;421,63;0;0;0;0;820,04;0;;2166,67;;0;;141,67;1558,37;;;12,5;;574,53;-4880,19;1200;Décembre 2120;25452;1;246,63;NC;2166,67;14;0;0;545,6;16773,26;666,67;41,67;0;0;0;;;;;;;;;2166,67;;;;;
11;1;2020;2251,2;1876;1866,67;200042,51;266,72;;1014,26;;52,05;;33,5;;;38,52;76,85;0;0;0;0;453,83;0;;2166,67;;0;;141,67;283,34;;;12,59;;583,86;-4296,33;1200;Janvier 2120;25441;1;608,84;NC;2166,67;14;0;0;544,6;16216,81;666,67;41,67;0;0;0;;;;;;;;;2166,67;;;;;
12;2;2020;2251,2;1876;1866,67;199294,97;265,73;;1014,26;;52,05;;33,5;;;38,52;115,37;0;0;0;0;453,38;0;;2166,67;;0;;141,67;425,01;;;12,59;;583,41;-3712,92;1200;Février 2120;25442;1;609,29;NC;2166,67;14;0;0;544,06;15656,27;666,67;41,67;0;0;0;;;;;;;;;2166,67;;;;;
13;3;2020;2251,2;1876;1866,67;198546,44;264,73;;1014,26;;52,05;;33,5;;;38,52;153,89;0;0;0;0;452,55;0;;2166,67;;0;;141,67;566,68;;;12,59;;583,41;-3129,51;1200;Mars 2120;25443;1;610,12;NC;2166,67;14;0;0;543,06;15095,56;666,67;41,67;0;0;0;;;;;;;;;2166,67;;;;;
14;4;2020;2251,2;1876;1866,67;197796,91;263,73;;1014,26;;52,05;;33,5;;;38,52;192,41;0;0;0;0;451,72;0;;2166,67;;0;;141,67;708,35;;;12,59;;583,41;-2546,1;1200;Avril 2120;25444;1;610,95;NC;2166,67;14;0;0;542,06;14534,69;666,67;41,67;0;0;0;;;;;;;;;2166,67;;;;;
15;5;2020;2251,2;1876;1866,67;197046,38;262,73;;1014,26;;52,05;;33,5;;;38,52;230,93;0;0;0;0;450,88;0;;2166,67;;0;;141,67;850,02;;;12,59;;583,41;-1962,69;1200;Mai 2120;25445;1;611,79;NC;2166,67;14;0;0;541,06;13973,65;666,67;41,67;0;0;0;;;;;;;;;2166,67;;;;;
16;6;2020;2251,2;1876;1866,67;196294,85;261,73;;1014,26;;52,05;;33,5;;;38,52;269,45;0;0;0;0;450,05;0;;2166,67;;0;;141,67;991,69;;;12,59;;583,41;-1379,28;1200;Juin 2120;25446;1;612,62;NC;2166,67;14;0;0;540,06;13412,44;666,67;41,67;0;0;0;;;;;;;;;2166,67;;;;;
17;7;2020;2251,2;1876;1866,67;195542,32;260,72;;1014,26;;52,05;;33,5;;;38,52;307,97;0;0;0;0;449,21;0;;2166,67;;0;;141,67;1133,36;;;12,59;;583,41;-795,87;1200;Juillet 2120;25447;1;613,46;NC;2166,67;14;0;0;539,05;12851,06;666,67;41,67;0;0;0;;;;;;;;;2166,67;;;;;
18;8;2020;2251,2;1876;1866,67;194788,78;259,72;;1014,26;;52,05;;33,5;;;38,52;346,49;0;0;0;0;448,38;0;;2166,67;;0;;141,67;1275,03;;;12,59;;583,41;-212,46;1200;Aout 2120;25448;1;614,29;NC;2166,67;14;0;0;538,05;12289,52;666,67;41,67;0;0;0;;;;;;;;;2166,67;;;;;
19;9;2020;2251,2;1876;1866,67;194034,24;258,71;;1014,26;;52,05;;33,5;;;38,52;385,01;0;0;0;0;447,53;0;;2166,67;;0;;141,67;1416,7;;;12,59;;583,41;370,95;220;Janvier 2039;24469;1;615,14;NC;2166,67;14;0;0;537,04;11727,81;666,67;41,67;0;0;0;;;;;;;;;2166,67;;;;;
20;10;2020;2251,2;1876;1866,67;193278,69;257,7;;1014,26;;52,05;;33,5;;;38,52;423,53;0;0;0;0;446,69;0;;2166,67;;0;;141,67;1558,37;;;12,59;;583,41;954,36;218;Décembre 2039;24480;1;615,98;NC;2166,67;14;0;0;536,03;11165,93;666,67;41,67;0;0;0;;;;;;;;;2166,67;;;;;
21;11;2020;2251,2;1876;1866,67;192522,13;256,7;;1014,26;;52,05;;33,5;;;38,52;462,05;0;0;0;0;445,86;0;;2166,67;;0;;141,67;1700,04;;;12,59;;583,41;1537,77;216;Novembre 2038;24467;1;616,81;NC;2166,67;14;0;0;535,03;10603,88;666,67;41,67;0;0;0;;;;;;;;;2166,67;;;;;
22;12;2020;2251,2;1876;1866,67;191764,57;255,69;;1014,26;;52,05;;33,5;;;38,52;500,57;0;0;0;0;485,02;0;;2166,67;;0;;141,67;1841,71;;;12,59;;583,41;2121,18;215;Novembre 2038;24467;1;577,65;NC;2166,67;14;0;0;534,02;10041,67;666,67;41,67;0;0;0;;;;;;;;;2166,67;;;;;
23;1;2021;2262,456;1885,38;1866,67;191006;254,67;;1014,26;;52,05;;33,67;;;38,71;77,23;0;0;0;0;444,17;0;;2166,67;;0;;141,67;283,34;;;12,68;;592,79;2713,97;213;Octobre 2038;24466;1,5;614,48;NC;2166,67;14;0;0;533;9479,29;666,67;41,67;0;0;0;;;;;;;;;2166,67;;;;;
24;2;2021;2262,456;1885,38;1866,67;190246,41;253,66;;1014,26;;52,05;;33,67;;;38,71;115,94;0;0;0;0;443,7;0;;2166,67;;0;;141,67;425,01;;;12,68;;592,34;3306,31;211;Septembre 2038;24465;1,5;614,95;NC;2166,67;14;0;0;532,44;8912,79;666,67;41,67;0;0;0;;;;;;;;;2166,67;;;;;
25;3;2021;2262,456;1885,38;1866,67;189485,81;252,65;;1014,26;;52,05;;33,67;;;38,71;154,65;0;0;0;0;442,86;0;;2166,67;;0;;141,67;566,68;;;12,68;;592,34;3898,65;209;Aout 2038;24464;1,5;615,79;NC;2166,67;14;0;0;531,43;8346,12;666,67;41,67;0;0;0;;;;;;;;;2166,67;;;;;
26;4;2021;2262,456;1885,38;1866,67;188724,2;251,63;;1014,26;;52,05;;33,67;;;38,71;193,36;0;0;0;0;442,01;0;;2166,67;;0;;141,67;708,35;;;12,68;;592,34;4490,99;208;Aout 2038;24464;1,5;616,64;NC;2166,67;14;0;0;530,41;7779,28;666,67;41,67;0;0;0;;;;;;;;;2166,67;;;;;
27;5;2021;2262,456;1885,38;1866,67;187961,57;250,62;;1014,26;;52,05;;33,67;;;38,71;232,07;0;0;0;0;441,17;0;;2166,67;;0;;141,67;850,02;;;12,68;;592,34;5083,33;206;Juillet 2038;24463;1,5;617,48;NC;2166,67;14;0;0;529,4;7212,28;666,67;41,67;0;0;0;;;;;;;;;2166,67;;;;;
28;6;2021;2262,456;1885,38;1866,67;187197,93;249,6;;1014,26;;52,05;;33,67;;;38,71;270,78;0;0;0;0;440,32;0;;2166,67;;0;;141,67;991,69;;;12,68;;592,34;5675,67;204;Juin 2038;24462;1,5;618,33;NC;2166,67;14;0;0;528,38;6645,11;666,67;41,67;0;0;0;;;;;;;;;2166,67;;;;;
29;7;2021;2262,456;1885,38;1866,67;186433,27;248,58;;1014,26;;52,05;;33,67;;;38,71;309,49;0;0;0;0;439,47;0;;2166,67;;0;;141,67;1133,36;;;12,68;;592,34;6268,01;202;Mai 2038;24461;1,5;619,18;NC;2166,67;14;0;0;527,36;6077,77;666,67;41,67;0;0;0;;;;;;;;;2166,67;;;;;
30;8;2021;2262,456;1885,38;1866,67;185667,59;247,56;;1014,26;;52,05;;33,67;;;38,71;348,2;0;0;0;0;438,62;0;;2166,67;;0;;141,67;1275,03;;;12,68;;592,34;6860,35;201;Mai 2038;24461;1,5;620,03;NC;2166,67;14;0;0;526,34;5510,26;666,67;41,67;0;0;0;;;;;;;;;2166,67;;;;;
31;9;2021;2262,456;1885,38;1866,67;184900,89;246,53;;1014,26;;52,05;;33,67;;;38,71;386,91;0;0;0;0;437,76;0;;2166,67;;0;;141,67;1416,7;;;12,68;;592,34;7452,69;199;Avril 2038;24460;1,5;620,89;NC;2166,67;14;0;0;525,31;4942,57;666,67;41,67;0;0;0;;;;;;;;;2166,67;;;;;
32;10;2021;2262,456;1885,38;1866,67;184133,16;245,51;;1014,26;;52,05;;33,67;;;38,71;425,62;0;0;0;0;436,91;0;;2166,67;;0;;141,67;1558,37;;;12,68;;592,34;8045,03;197;Mars 2038;24459;1,5;621,74;NC;2166,67;14;0;0;524,29;4374,71;666,67;41,67;0;0;0;;;;;;;;;2166,67;;;;;
33;11;2021;2262,456;1885,38;1866,67;183364,41;244,49;;1014,26;;52,05;;33,67;;;38,71;464,33;0;0;0;0;436,06;0;;2166,67;;0;;141,67;1700,04;;;12,68;;592,34;8637,37;195;Février 2038;24458;1,5;622,59;NC;2166,67;14;0;0;523,27;3806,68;666,67;41,67;0;0;0;;;;;;;;;2166,67;;;;;
34;12;2021;2262,456;1885,38;1866,67;182594,64;243,46;;1014,26;;52,05;;33,67;;;38,71;503,04;0;0;0;0;475,2;0;;2166,67;;0;;141,67;1841,71;;;12,68;;592,34;9229,71;194;Février 2038;24458;1,5;583,45;NC;2166,67;14;0;0;522,24;3238,48;666,67;41,67;0;0;0;;;;;;;;;2166,67;;;;;
35;1;2022;2273,76828;1894,81;1866,67;181823,84;242,43;;1014,26;;52,05;;33,84;;;38,9;77,61;0;0;0;0;434,34;0;;2166,67;;0;;141,67;283,34;;;12,78;;601,77;9831,48;192;Janvier 2038;24457;1,5;620,27;NC;2166,67;14;0;0;521,21;2670,11;666,67;41,67;0;0;0;;;;;;;;;2166,67;;;;;
36;2;2022;2273,76828;1894,81;1866,67;181052,01;241,4;;1014,26;;52,05;;33,84;;;38,9;116,51;0;0;0;0;433,87;0;;2166,67;;0;;141,67;425,01;;;12,78;;601,31;10432,79;190;Décembre 2038;24468;1,5;620,74;NC;2166,67;14;0;0;520,64;2097,61;666,67;41,67;0;0;0;;;;;;;;;2166,67;;;;;
37;3;2022;2273,76828;1894,81;1866,67;180279,15;240,37;;1014,26;;52,05;;33,84;;;38,9;155,41;0;0;0;0;433,01;0;;2166,67;;0;;141,67;566,68;;;12,78;;601,31;11034,1;188;Novembre 2037;24455;1,5;621,6;NC;2166,67;14;0;0;519,61;1524,93;666,67;41,67;0;0;0;;;;;;;;;2166,67;;;;;
38;4;2022;2273,76828;1894,81;1866,67;179505,26;239,34;;1014,26;;52,05;;33,84;;;38,9;194,31;0;0;0;0;432,15;0;;2166,67;;0;;141,67;708,35;;;12,78;;601,31;11635,41;187;Novembre 2037;24455;1,5;622,46;NC;2166,67;14;0;0;518,58;952,08;666,67;41,67;0;0;0;;;;;;;;;2166,67;;;;;
39;5;2022;2273,76828;1894,81;1866,67;178730,34;238,31;;1014,26;;52,05;;33,84;;;38,9;233,21;0;0;0;0;431,29;0;;2166,67;;0;;141,67;850,02;;;12,78;;466,21;12101,62;185;Octobre 2037;24454;1,5;623,32;NC;2599,67;14;60,62;74,48;517,55;379,06;666,67;41,67;0;0;0;;;;;;;;;2599,67;;;;;
40;6;2022;2273,76828;1894,81;1866,67;177954,39;237,27;;1014,26;;52,05;;33,84;;;38,9;272,11;0;0;0;0;430,43;0;;2166,67;;0;;141,67;991,69;;;12,78;;422,47;12524,09;184;Octobre 2037;24454;1,5;624,18;NC;2739,86;14;80,25;98,59;516,51;238,87;666,67;41,67;0;0;0;;;;;;;;;2739,86;;;;;
41;7;2022;2273,76828;1894,81;1866,67;177177,4;236,24;;1014,26;;52,05;;33,84;;;38,9;311,01;0;0;0;0;429,57;0;;2166,67;;0;;141,67;1133,36;;;12,78;;422,42;12946,51;182;Septembre 2037;24453;1,5;625,04;NC;2740,03;14;80,27;98,62;515,48;238,7;666,67;41,67;0;0;0;;;;;;;;;2740,03;;;;;
42;8;2022;2273,76828;1894,81;1866,67;176399,38;235,2;;1014,26;;52,05;;33,84;;;38,9;349,91;0;0;0;0;428,7;0;;2166,67;;0;;141,67;1275,03;;;12,78;;422,36;13368,87;181;Septembre 2037;24453;1,5;625,91;NC;2740,21;14;80,3;98,65;514,44;238,52;666,67;41,67;0;0;0;;;;;;;;;2740,21;;;;;
43;9;2022;2273,76828;1894,81;1866,67;175620,32;234,16;;1014,26;;52,05;;33,84;;;38,9;388,81;0;0;0;0;427,83;0;;2166,67;;0;;141,67;1416,7;;;12,78;;422,31;13791,18;179;Aout 2037;24452;1,5;626,78;NC;2740,38;14;80,32;98,68;513,4;238,35;666,67;41,67;0;0;0;;;;;;;;;2740,38;;;;;
44;10;2022;2273,76828;1894,81;1866,67;174840,22;233,12;;1014,26;;52,05;;33,84;;;38,9;427,71;0;0;0;0;426,97;0;;2166,67;;0;;141,67;1558,37;;;12,78;;422,26;14213,44;178;Aout 2037;24452;1,5;627,64;NC;2740,55;14;80,34;98,71;512,36;238,18;666,67;41,67;0;0;0;;;;;;;;;2740,55;;;;;
45;11;2022;2273,76828;1894,81;1866,67;174059,08;232,08;;1014,26;;52,05;;33,84;;;38,9;466,61;0;0;0;0;426,1;0;;2166,67;;0;;141,67;1700,04;;;12,78;;422,2;14635,64;176;Juillet 2037;24451;1,5;628,51;NC;2740,73;14;80,37;98,74;511,32;238;666,67;41,67;0;0;0;;;;;;;;;2740,73;;;;;
46;12;2022;2273,76828;1894,81;1866,67;173276,9;231,04;;1014,26;;52,05;;33,84;;;38,9;505,51;0;0;0;0;465,23;0;;2166,67;;0;;141,67;1841,71;;;12,78;;422,15;15057,79;175;Juillet 2037;24451;1,5;589,38;NC;2740,9;14;80,39;98,77;510,28;237,83;666,67;41,67;0;0;0;;;;;;;;;2740,9;;;;;
47;1;2023;2285,1371214;1904,28;1866,67;172493,68;229,99;;1014,26;;52,05;;34,01;;;39,09;77,99;0;0;0;0;424,36;0;;2166,67;;0;;141,67;283,34;;;12,88;;430,29;15488,08;173;Juin 2037;24450;2;626,19;NC;2745,14;14;80,99;99,5;509,23;237,65;666,67;41,67;0;0;0;;;;;;;;;2745,14;;;;;
48;2;2023;2285,1371214;1904,28;1866,67;171709,41;228,95;;1014,26;;52,05;;34,01;;;39,09;117,08;0;0;0;0;423,88;0;;2166,67;;0;;141,67;425,01;;;12,88;;429,81;15917,89;171;Mai 2037;24449;2;626,67;NC;2745,23;14;81;99,51;508,65;237,56;666,67;41,67;0;0;0;;;;;;;;;2745,23;;;;;
49;3;2023;2285,1371214;1904,28;1866,67;170924,1;227,9;;1014,26;;52,05;;34,01;;;39,09;156,17;0;0;0;0;423;0;;2166,67;;0;;141,67;566,68;;;12,88;;429,76;16347,65;170;Mai 2037;24449;2;627,55;NC;2745,41;14;81,02;99,54;507,6;237,38;666,67;41,67;0;0;0;;;;;;;;;2745,41;;;;;
50;4;2023;2285,1371214;1904,28;1866,67;170137,74;226,85;;1014,26;;52,05;;34,01;;;39,09;195,26;0;0;0;0;422,13;0;;2166,67;;0;;141,67;708,35;;;12,88;;429,7;16777,35;168;Avril 2037;24448;2;628,42;NC;2745,58;14;81,05;99,57;506,55;237,21;666,67;41,67;0;0;0;;;;;;;;;2745,58;;;;;
51;5;2023;2285,1371214;1904,28;1866,67;169350,33;225,8;;1014,26;;52,05;;34,01;;;39,09;234,35;0;0;0;0;421,25;0;;2166,67;;0;;141,67;850,02;;;12,88;;429,65;17207;167;Avril 2037;24448;2;629,3;NC;2745,76;14;81,07;99,6;505,5;237,03;666,67;41,67;0;0;0;;;;;;;;;2745,76;;;;;
52;6;2023;2285,1371214;1904,28;1866,67;168561,87;224,75;;1014,26;;52,05;;34,01;;;39,09;273,44;0;0;0;0;420,38;0;;2166,67;;0;;141,67;991,69;;;12,88;;429,59;17636,59;165;Mars 2037;24447;2;630,17;NC;2745,93;14;81,1;99,63;504,45;236,86;666,67;41,67;0;0;0;;;;;;;;;2745,93;;;;;
53;7;2023;2285,1371214;1904,28;1866,67;167772,36;223,7;;1014,26;;52,05;;34,01;;;39,09;312,53;0;0;0;0;419,5;0;;2166,67;;0;;141,67;1133,36;;;12,88;;429,54;18066,13;164;Mars 2037;24447;2;631,05;NC;2746,11;14;81,12;99,66;503,4;236,68;666,67;41,67;0;0;0;;;;;;;;;2746,11;;;;;
54;8;2023;2285,1371214;1904,28;1866,67;166981,8;222,64;;1014,26;;52,05;;34,01;;;39,09;351,62;0;0;0;0;418,62;0;;2166,67;;0;;141,67;1275,03;;;12,88;;429,48;18495,61;162;Février 2037;24446;2;631,93;NC;2746,28;14;81,15;99,69;502,34;236,51;666,67;41,67;0;0;0;;;;;;;;;2746,28;;;;;
55;9;2023;2285,1371214;1904,28;1866,67;166190,18;221,59;;1014,26;;52,05;;34,01;;;39,09;390,71;0;0;0;0;417,74;0;;2166,67;;0;;141,67;1416,7;;;12,88;;429,43;18925,04;161;Février 2037;24446;2;632,81;NC;2746,46;14;81,17;99,72;501,29;236,33;666,67;41,67;0;0;0;;;;;;;;;2746,46;;;;;
56;10;2023;2285,1371214;1904,28;1866,67;165397,51;220,53;;1014,26;;52,05;;34,01;;;39,09;429,8;0;0;0;0;416,86;0;;2166,67;;0;;141,67;1558,37;;;12,88;;429,37;19354,41;159;Janvier 2037;24445;2;633,69;NC;2746,64;14;81,2;99,75;500,23;236,15;666,67;41,67;0;0;0;;;;;;;;;2746,64;;;;;
57;11;2023;2285,1371214;1904,28;1866,67;164603,78;219,47;;1014,26;;52,05;;34,01;;;39,09;468,89;0;0;0;0;415,98;0;;2166,67;;0;;141,67;1700,04;;;12,88;;429,32;19783,73;158;Janvier 2037;24445;2;634,57;NC;2746,81;14;81,22;99,78;499,17;235,98;666,67;41,67;0;0;0;;;;;;;;;2746,81;;;;;
58;12;2023;2285,1371214;1904,28;1866,67;163808,99;218,41;;1014,26;;52,05;;34,01;;;39,09;507,98;0;0;0;0;455,09;0;;2166,67;;0;;141,67;1841,71;;;12,88;;429,26;20212,99;157;Janvier 2037;24445;2;595,46;NC;2746,99;14;81,24;99,82;498,11;235,8;666,67;41,67;0;0;0;;;;;;;;;2746,99;;;;;
59;1;2024;2296,562807007;1913,8;1866,67;163013,14;217,35;;1014,26;;52,05;;34,18;;;39,29;78,38;0;0;0;0;414,21;0;;2166,67;;0;;141,67;283,34;;;12,98;;437,45;20650,44;155;Décembre 2037;24456;2;632,26;NC;2751,25;14;81,84;100,55;497,05;235,62;666,67;41,67;0;0;0;;;;;;;;;2751,25;;;;;
60;2;2024;2296,562807007;1913,8;1866,67;162216,23;216,29;;1014,26;;52,05;;34,18;;;39,29;117,67;0;0;0;0;413,72;0;;2166,67;;0;;141,67;425,01;;;12,98;;436,96;21087,4;154;Décembre 2037;24456;2;632,75;NC;2751,34;14;81,85;100,56;496,46;235,53;666,67;41,67;0;0;0;;;;;;;;;2751,34;;;;;
61;3;2024;2296,562807007;1913,8;1866,67;161418,26;215,22;;1014,26;;52,05;;34,18;;;39,29;156,96;0;0;0;0;412,83;0;;2166,67;;0;;141,67;566,68;;;12,98;;436,9;21524,3;152;Novembre 2036;24443;2;633,64;NC;2751,52;14;81,88;100,59;495,39;235,35;666,67;41,67;0;0;0;;;;;;;;;2751,52;;;;;
62;4;2024;2296,562807007;1913,8;1866,67;160619,22;214,16;;1014,26;;52,05;;34,18;;;39,29;196,25;0;0;0;0;411,94;0;;2166,67;;0;;141,67;708,35;;;12,98;;436,84;21961,14;151;Novembre 2036;24443;2;634,53;NC;2751,7;14;81,9;100,63;494,33;235,17;666,67;41,67;0;0;0;;;;;;;;;2751,7;;;;;
63;5;2024;2296,562807007;1913,8;1866,67;159819,12;213,09;;1014,26;;52,05;;34,18;;;39,29;235,54;0;0;0;0;411,05;0;;2166,67;;0;;141,67;850,02;;;12,98;;436,78;22397,92;149;Octobre 2036;24442;2;635,42;NC;2751,88;14;81,93;100,66;493,26;234,99;666,67;41,67;0;0;0;;;;;;;;;2751,88;;;;;
64;6;2024;2296,562807007;1913,8;1866,67;159017,95;212,02;;1014,26;;52,05;;34,18;;;39,29;274,83;0;0;0;0;410,16;0;;2166,67;;0;;141,67;991,69;;;12,98;;436,73;22834,65;148;Octobre 2036;24442;2;636,31;NC;2752,06;14;81,95;100,69;492,19;234,81;666,67;41,67;0;0;0;;;;;;;;;2752,06;;;;;
65;7;2024;2296,562807007;1913,8;1866,67;158215,71;210,95;;1014,26;;52,05;;34,18;;;39,29;314,12;0;0;0;0;409,27;0;;2166,67;;0;;141,67;1133,36;;;12,98;;436,67;23271,32;146;Septembre 2036;24441;2;637,2;NC;2752,23;14;81,98;100,72;491,12;234,64;666,67;41,67;0;0;0;;;;;;;;;2752,23;;;;;
66;8;2024;2296,562807007;1913,8;1866,67;157412,4;209,88;;1014,26;;52,05;;34,18;;;39,29;353,41;0;0;0;0;408,38;0;;2166,67;;0;;141,67;1275,03;;;12,98;;436,62;23707,94;145;Septembre 2036;24441;2;638,09;NC;2752,41;14;82;100,75;490,05;234,46;666,67;41,67;0;0;0;;;;;;;;;2752,41;;;;;
67;9;2024;2296,562807007;1913,8;1866,67;156608,02;208,81;;1014,26;;52,05;;34,18;;;39,29;392,7;0;0;0;0;407,48;0;;2166,67;;0;;141,67;1416,7;;;12,98;;436,56;24144,5;143;Aout 2036;24440;2;638,99;NC;2752,59;14;82,03;100,78;488,98;234,28;666,67;41,67;0;0;0;;;;;;;;;2752,59;;;;;
68;10;2024;2296,562807007;1913,8;1866,67;155802,57;207,74;;1014,26;;52,05;;34,18;;;39,29;431,99;0;0;0;0;406,59;0;;2166,67;;0;;141,67;1558,37;;;12,98;;436,51;24581,01;142;Aout 2036;24440;2;639,88;NC;2752,77;14;82,05;100,81;487,91;234,1;666,67;41,67;0;0;0;;;;;;;;;2752,77;;;;;
69;11;2024;2296,562807007;1913,8;1866,67;154996,05;206,66;;1014,26;;52,05;;34,18;;;39,29;471,28;0;0;0;0;405,69;0;;2166,67;;0;;141,67;1700,04;;;12,98;;436,45;25017,46;140;Juillet 2036;24439;2;640,78;NC;2752,95;14;82,08;100,84;486,83;233,92;666,67;41,67;0;0;0;;;;;;;;;2752,95;;;;;
70;12;2024;2296,562807007;1913,8;1866,67;154188,45;205,58;;1014,26;;52,05;;34,18;;;39,29;510,57;0;0;0;0;444,79;0;;2166,67;;0;;141,67;1841,71;;;12,98;;436,4;25453,86;139;Juillet 2036;24439;2;601,68;NC;2753,13;14;82,1;100,87;485,75;233,74;666,67;41,67;0;0;0;;;;;;;;;2753,13;;;;;
71;1;2025;2308,045621042;1923,37;1866,67;153379,77;204,51;;1014,26;;52,05;;34,35;;;39,49;78,78;0;0;0;0;403,9;0;;2166,67;;0;;141,67;283,34;;;13,08;;444,63;25898,49;137;Juin 2036;24438;2,5;638,47;NC;2757,41;14;82,7;101,61;484,68;233,56;666,67;41,67;0;0;0;;;;;;;;;2757,41;;;;;
72;2;2025;2308,045621042;1923,37;1866,67;152570,02;203,43;;1014,26;;52,05;;34,35;;;39,49;118,27;0;0;0;0;403,39;0;;2166,67;;0;;141,67;425,01;;;13,08;;444,13;26342,62;136;Juin 2036;24438;2,5;638,98;NC;2757,51;14;82,72;101,62;484,07;233,46;666,67;41,67;0;0;0;;;;;;;;;2757,51;;;;;
73;3;2025;2308,045621042;1923,37;1866,67;151759,19;202,35;;1014,26;;52,05;;34,35;;;39,49;157,76;0;0;0;0;402,49;0;;2166,67;;0;;141,67;566,68;;;13,08;;444,07;26786,69;134;Mai 2036;24437;2,5;639,88;NC;2757,69;14;82,74;101,66;482,99;233,28;666,67;41,67;0;0;0;;;;;;;;;2757,69;;;;;
74;4;2025;2308,045621042;1923,37;1866,67;150947,28;201,26;;1014,26;;52,05;;34,35;;;39,49;197,25;0;0;0;0;401,58;0;;2166,67;;0;;141,67;708,35;;;13,08;;444,01;27230,7;133;Mai 2036;24437;2,5;640,79;NC;2757,87;14;82,77;101,69;481,9;233,1;666,67;41,67;0;0;0;;;;;;;;;2757,87;;;;;
75;5;2025;2308,045621042;1923,37;1866,67;150134,28;200,18;;1014,26;;52,05;;34,35;;;39,49;236,74;0;0;0;0;400,68;0;;2166,67;;0;;141,67;850,02;;;13,08;;443,96;27674,66;131;Avril 2036;24436;2,5;641,69;NC;2758,05;14;82,79;101,72;480,82;232,92;666,67;41,67;0;0;0;;;;;;;;;2758,05;;;;;
76;6;2025;2308,045621042;1923,37;1866,67;149320,2;199,09;;1014,26;;52,05;;34,35;;;39,49;276,23;0;0;0;0;399,78;0;;2166,67;;0;;141,67;991,69;;;13,08;;443,9;28118,56;130;Avril 2036;24436;2,5;642,59;NC;2758,23;14;82,82;101,75;479,73;232,74;666,67;41,67;0;0;0;;;;;;;;;2758,23;;;;;
77;7;2025;2308,045621042;1923,37;1866,67;148505,03;198,01;;1014,26;;52,05;;34,35;;;39,49;315,72;0;0;0;0;398,88;0;;2166,67;;0;;141,67;1133,36;;;13,08;;443,85;28562,41;128;Mars 2036;24435;2,5;643,49;NC;2758,41;14;82,84;101,78;478,65;232,56;666,67;41,67;0;0;0;;;;;;;;;2758,41;;;;;
78;8;2025;2308,045621042;1923,37;1866,67;147688,78;196,92;;1014,26;;52,05;;34,35;;;39,49;355,21;0;0;0;0;397,97;0;;2166,67;;0;;141,67;1275,03;;;13,08;;443,79;29006,2;127;Mars 2036;24435;2,5;644,4;NC;2758,59;14;82,87;101,81;477,56;232,38;666,67;41,67;0;0;0;;;;;;;;;2758,59;;;;;
79;9;2025;2308,045621042;1923,37;1866,67;146871,44;195,83;;1014,26;;52,05;;34,35;;;39,49;394,7;0;0;0;0;397,06;0;;2166,67;;0;;141,67;1416,7;;;13,08;;443,73;29449,93;125;Février 2036;24434;2,5;645,31;NC;2758,78;14;82,9;101,84;476,47;232,19;666,67;41,67;0;0;0;;;;;;;;;2758,78;;;;;
80;10;2025;2308,045621042;1923,37;1866,67;146053,01;194,74;;1014,26;;52,05;;34,35;;;39,49;434,19;0;0;0;0;396,15;0;;2166,67;;0;;141,67;1558,37;;;13,08;;443,68;29893,61;124;Février 2036;24434;2,5;646,22;NC;2758,96;14;82,92;101,87;475,38;232,01;666,67;41,67;0;0;0;;;;;;;;;2758,96;;;;;
81;11;2025;2308,045621042;1923,37;1866,67;145233,49;193,64;;1014,26;;52,05;;34,35;;;39,49;473,68;0;0;0;0;395,23;0;;2166,67;;0;;141,67;1700,04;;;13,08;;443,62;30337,23;122;Janvier 2036;24433;2,5;647,14;NC;2759,14;14;82,95;101,9;474,28;231,83;666,67;41,67;0;0;0;;;;;;;;;2759,14;;;;;
82;12;2025;2308,045621042;1923,37;1866,67;144412,87;192,55;;1014,26;;52,05;;34,35;;;39,49;513,17;0;0;0;0;434,33;0;;2166,67;;0;;141,67;1841,71;;;13,08;;443,56;30780,79;121;Janvier 2036;24433;2,5;608,04;NC;2759,32;14;82,97;101,94;473,19;231,65;666,67;41,67;0;0;0;;;;;;;;;2759,32;;;;;
83;1;2026;2319,5858491472;1932,99;1866,67;143591,16;191,45;;1014,26;;52,05;;34,52;;;39,69;79,18;0;0;0;0;393,41;0;;2166,67;;0;;141,67;283,34;;;13,18;;451,84;31232,63;119;Décembre 2036;24444;2,5;644,84;NC;2763,63;14;83,57;102,68;472,09;231,46;666,67;41,67;0;0;0;;;;;;;;;2763,63;;;;;
84;2;2026;2319,5858491472;1932,99;1866,67;142768,35;190,36;;1014,26;;52,05;;34,52;;;39,69;118,87;0;0;0;0;392,89;0;;2166,67;;0;;141,67;425,01;;;13,18;;451,34;31683,97;118;Décembre 2036;24444;2,5;645,36;NC;2763,73;14;83,59;102,69;471,47;231,36;666,67;41,67;0;0;0;;;;;;;;;2763,73;;;;;
85;3;2026;2319,5858491472;1932,99;1866,67;141944,45;189,26;;1014,26;;52,05;;34,52;;;39,69;158,56;0;0;0;0;391,98;0;;2166,67;;0;;141,67;566,68;;;13,18;;451,28;32135,25;117;Décembre 2036;24444;2,5;646,27;NC;2763,91;14;83,61;102,73;470,37;231,18;666,67;41,67;0;0;0;;;;;;;;;2763,91;;;;;
86;4;2026;2319,5858491472;1932,99;1866,67;141119,45;188,16;;1014,26;;52,05;;34,52;;;39,69;198,25;0;0;0;0;391,06;0;;2166,67;;0;;141,67;708,35;;;13,18;;451,22;32586,47;115;Novembre 2035;24431;2,5;647,19;NC;2764,1;14;83,64;102,76;469,27;230,99;666,67;41,67;0;0;0;;;;;;;;;2764,1;;;;;
87;5;2026;2319,5858491472;1932,99;1866,67;140293,35;187,06;;1014,26;;52,05;;34,52;;;39,69;237,94;0;0;0;0;390,14;0;;2166,67;;0;;141,67;850,02;;;13,18;;451,16;33037,63;114;Novembre 2035;24431;2,5;648,11;NC;2764,28;14;83,67;102,79;468,17;230,81;666,67;41,67;0;0;0;;;;;;;;;2764,28;;;;;
88;6;2026;2319,5858491472;1932,99;1866,67;139466,15;185,95;;1014,26;;52,05;;34,52;;;39,69;277,63;0;0;0;0;389,22;0;;2166,67;;0;;141,67;991,69;;;13,18;;451,11;33488,74;112;Octobre 2035;24430;2,5;649,03;NC;2764,46;14;83,69;102,82;467,06;230,63;666,67;41,67;0;0;0;;;;;;;;;2764,46;;;;;
89;7;2026;2319,5858491472;1932,99;1866,67;138637,84;184,85;;1014,26;;52,05;;34,52;;;39,69;317,32;0;0;0;0;388,3;0;;2166,67;;0;;141,67;1133,36;;;13,18;;451,05;33939,79;111;Octobre 2035;24430;2,5;649,95;NC;2764,65;14;83,72;102,85;465,96;230,44;666,67;41,67;0;0;0;;;;;;;;;2764,65;;;;;
90;8;2026;2319,5858491472;1932,99;1866,67;137808,43;183,74;;1014,26;;52,05;;34,52;;;39,69;357,01;0;0;0;0;387,38;0;;2166,67;;0;;141,67;1275,03;;;13,18;;451;34390,79;109;Septembre 2035;24429;2,5;650,87;NC;2764,83;14;83,74;102,88;464,85;230,26;666,67;41,67;0;0;0;;;;;;;;;2764,83;;;;;
91;9;2026;2319,5858491472;1932,99;1866,67;136977,91;182,64;;1014,26;;52,05;;34,52;;;39,69;396,7;0;0;0;0;386,46;0;;2166,67;;0;;141,67;1416,7;;;13,18;;450,93;34841,72;108;Septembre 2035;24429;2,5;651,79;NC;2765,02;14;83,77;102,92;463,75;230,07;666,67;41,67;0;0;0;;;;;;;;;2765,02;;;;;
92;10;2026;2319,5858491472;1932,99;1866,67;136146,29;181,53;;1014,26;;52,05;;34,52;;;39,69;436,39;0;0;0;0;385,53;0;;2166,67;;0;;141,67;1558,37;;;13,18;;450,88;35292,6;106;Aout 2035;24428;2,5;652,72;NC;2765,2;14;83,79;102,95;462,64;229,89;666,67;41,67;0;0;0;;;;;;;;;2765,2;;;;;
93;11;2026;2319,5858491472;1932,99;1866,67;135313,56;180,42;;1014,26;;52,05;;34,52;;;39,69;476,08;0;0;0;0;384,61;0;;2166,67;;0;;141,67;1700,04;;;13,18;;450,82;35743,42;105;Aout 2035;24428;2,5;653,64;NC;2765,39;14;83,82;102,98;461,53;229,7;666,67;41,67;0;0;0;;;;;;;;;2765,39;;;;;
94;12;2026;2319,5858491472;1932,99;1866,67;134479,72;179,31;;1014,26;;52,05;;34,52;;;39,69;515,77;0;0;0;0;423,68;0;;2166,67;;0;;141,67;1841,71;;;13,18;;450,76;36194,18;103;Juillet 2035;24427;2,5;614,57;NC;2765,57;14;83,85;103,01;460,42;229,52;666,67;41,67;0;0;0;;;;;;;;;2765,57;;;;;
95;1;2027;2331,183778393;1942,65;1866,67;133644,77;178,19;;1014,26;;52,05;;34,69;;;39,89;79,58;0;0;0;0;382,75;0;;2166,67;;0;;141,67;283,34;;;13,28;;459,07;36653,25;102;Juillet 2035;24427;2,5;651,35;NC;2769,91;14;84,45;103,76;459,3;229,33;666,67;41,67;0;0;0;;;;;;;;;2769,91;;;;;
96;2;2027;2331,183778393;1942,65;1866,67;132808,7;177,08;;1014,26;;52,05;;34,69;;;39,89;119,47;0;0;0;0;382,22;0;;2166,67;;0;;141,67;425,01;;;13,28;;458,57;37111,82;100;Juin 2035;24426;2,5;651,88;NC;2770,01;14;84,47;103,77;458,66;229,23;666,67;41,67;0;0;0;;;;;;;;;2770,01;;;;;
97;3;2027;2331,183778393;1942,65;1866,67;131971,52;175,96;;1014,26;;52,05;;34,69;;;39,89;159,36;0;0;0;0;381,28;0;;2166,67;;0;;141,67;566,68;;;13,28;;458,51;37570,33;99;Juin 2035;24426;2,5;652,82;NC;2770,2;14;84,49;103,81;457,54;229,04;666,67;41,67;0;0;0;;;;;;;;;2770,2;;;;;
98;4;2027;2331,183778393;1942,65;1866,67;131133,22;174,84;;1014,26;;52,05;;34,69;;;39,89;199,25;0;0;0;0;380,35;0;;2166,67;;0;;141,67;708,35;;;13,28;;458,45;38028,78;97;Mai 2035;24425;2,5;653,75;NC;2770,39;14;84,52;103,84;456,42;228,85;666,67;41,67;0;0;0;;;;;;;;;2770,39;;;;;
99;5;2027;2331,183778393;1942,65;1866,67;130293,8;173,73;;1014,26;;52,05;;34,69;;;39,89;239,14;0;0;0;0;379,43;0;;2166,67;;0;;141,67;850,02;;;13,28;;458,39;38487,17;96;Mai 2035;24425;2,5;654,67;NC;2770,57;14;84,55;103,87;455,31;228,67;666,67;41,67;0;0;0;;;;;;;;;2770,57;;;;;
100;6;2027;2331,183778393;1942,65;1866,67;129453,27;172,6;;1014,26;;52,05;;34,69;;;39,89;279,03;0;0;0;0;378,48;0;;2166,67;;0;;141,67;991,69;;;13,28;;458,34;38945,51;95;Mai 2035;24425;2,5;655,62;NC;2770,76;14;84,57;103,9;454,18;228,48;666,67;41,67;0;0;0;;;;;;;;;2770,76;;;;;
101;7;2027;2331,183778393;1942,65;1866,67;128611,61;171,48;;1014,26;;52,05;;34,69;;;39,89;318,92;0;0;0;0;377,55;0;;2166,67;;0;;141,67;1133,36;;;13,28;;458,27;39403,78;93;Avril 2035;24424;2,5;656,55;NC;2770,95;14;84,6;103,94;453,06;228,29;666,67;41,67;0;0;0;;;;;;;;;2770,95;;;;;
102;8;2027;2331,183778393;1942,65;1866,67;127768,83;170,36;;1014,26;;52,05;;34,69;;;39,89;358,81;0;0;0;0;376,62;0;;2166,67;;0;;141,67;1275,03;;;13,28;;458,22;39862;92;Avril 2035;24424;2,5;657,48;NC;2771,13;14;84,62;103,97;451,94;228,11;666,67;41,67;0;0;0;;;;;;;;;2771,13;;;;;
103;9;2027;2331,183778393;1942,65;1866,67;126924,93;169,23;;1014,26;;52,05;;34,69;;;39,89;398,7;0;0;0;0;375,68;0;;2166,67;;0;;141,67;1416,7;;;13,28;;458,16;40320,16;90;Mars 2035;24423;2,5;658,42;NC;2771,32;14;84,65;104;450,81;227,92;666,67;41,67;0;0;0;;;;;;;;;2771,32;;;;;
104;10;2027;2331,183778393;1942,65;1866,67;126079,9;168,11;;1014,26;;52,05;;34,69;;;39,89;438,59;0;0;0;0;374,74;0;;2166,67;;0;;141,67;1558,37;;;13,28;;458,1;40778,26;89;Mars 2035;24423;2,5;659,36;NC;2771,51;14;84,68;104,03;449,69;227,73;666,67;41,67;0;0;0;;;;;;;;;2771,51;;;;;
105;11;2027;2331,183778393;1942,65;1866,67;125233,75;166,98;;1014,26;;52,05;;34,69;;;39,89;478,48;0;0;0;0;373,8;0;;2166,67;;0;;141,67;1700,04;;;13,28;;458,04;41236,3;87;Février 2035;24422;2,5;660,3;NC;2771,7;14;84,7;104,07;448,56;227,54;666,67;41,67;0;0;0;;;;;;;;;2771,7;;;;;
106;12;2027;2331,183778393;1942,65;1866,67;124386,47;165,85;;1014,26;;52,05;;34,69;;;39,89;518,37;0;0;0;0;412,86;0;;2166,67;;0;;141,67;1841,71;;;13,28;;457,98;41694,28;86;Février 2035;24422;2,5;621,24;NC;2771,89;14;84,73;104,1;447,43;227,35;666,67;41,67;0;0;0;;;;;;;;;2771,89;;;;;
107;1;2028;2342,8396972849;1952,37;1866,67;123538,06;164,72;;1014,26;;52,05;;34,86;;;40,09;79,98;0;0;0;0;371,92;0;;2166,67;;0;;141,67;283,34;;;13,38;;466,35;42160,63;84;Janvier 2035;24421;2,5;658,02;NC;2776,23;14;85,34;104,84;446,3;227,17;666,67;41,67;0;0;0;;;;;;;;;2776,23;;;;;
108;2;2028;2342,8396972849;1952,37;1866,67;122688,52;163,58;;1014,26;;52,05;;34,86;;;40,09;120,07;0;0;0;0;371,36;0;;2166,67;;0;;141,67;425,01;;;13,38;;465,84;42626,47;83;Janvier 2035;24421;2,5;658,58;NC;2776,35;14;85,36;104,86;445,63;227,05;666,67;41,67;0;0;0;;;;;;;;;2776,35;;;;;
109;3;2028;2342,8396972849;1952,37;1866,67;121837,84;162,45;;1014,26;;52,05;;34,86;;;40,09;160,16;0;0;0;0;370,42;0;;2166,67;;0;;141,67;566,68;;;13,38;;465,78;43092,25;82;Janvier 2035;24421;2,5;659,52;NC;2776,53;14;85,38;104,9;444,5;226,87;666,67;41,67;0;0;0;;;;;;;;;2776,53;;;;;
110;4;2028;2342,8396972849;1952,37;1866,67;120986,03;161,31;;1014,26;;52,05;;34,86;;;40,09;200,25;0;0;0;0;369,47;0;;2166,67;;0;;141,67;708,35;;;13,38;;465,72;43557,97;80;Décembre 2035;24432;2,5;660,47;NC;2776,72;14;85,41;104,93;443,36;226,68;666,67;41,67;0;0;0;;;;;;;;;2776,72;;;;;
111;5;2028;2342,8396972849;1952,37;1866,67;120133,08;160,18;;1014,26;;52,05;;34,86;;;40,09;240,34;0;0;0;0;368,53;0;;2166,67;;0;;141,67;850,02;;;13,38;;465,67;44023,64;79;Décembre 2035;24432;2,5;661,41;NC;2776,91;14;85,43;104,96;442,23;226,49;666,67;41,67;0;0;0;;;;;;;;;2776,91;;;;;
112;6;2028;2342,8396972849;1952,37;1866,67;119279;159,04;;1014,26;;52,05;;34,86;;;40,09;280,43;0;0;0;0;367,58;0;;2166,67;;0;;141,67;991,69;;;13,38;;465,61;44489,25;77;Novembre 2034;24419;2,5;662,36;NC;2777,1;14;85,46;104,99;441,09;226,3;666,67;41,67;0;0;0;;;;;;;;;2777,1;;;;;
113;7;2028;2342,8396972849;1952,37;1866,67;118423,78;157,9;;1014,26;;52,05;;34,86;;;40,09;320,52;0;0;0;0;366,63;0;;2166,67;;0;;141,67;1133,36;;;13,38;;465,54;44954,79;76;Novembre 2034;24419;2,5;663,31;NC;2777,29;14;85,49;105,03;439,95;226,11;666,67;41,67;0;0;0;;;;;;;;;2777,29;;;;;
114;8;2028;2342,8396972849;1952,37;1866,67;117567,42;156,76;;1014,26;;52,05;;34,86;;;40,09;360,61;0;0;0;0;365,68;0;;2166,67;;0;;141,67;1275,03;;;13,38;;465,49;45420,28;74;Octobre 2034;24418;2,5;664,26;NC;2777,48;14;85,51;105,06;438,81;225,92;666,67;41,67;0;0;0;;;;;;;;;2777,48;;;;;
115;9;2028;2342,8396972849;1952,37;1866,67;116709,92;155,61;;1014,26;;52,05;;34,86;;;40,09;400,7;0;0;0;0;364,72;0;;2166,67;;0;;141,67;1416,7;;;13,38;;465,43;45885,71;73;Octobre 2034;24418;2,5;665,22;NC;2777,67;14;85,54;105,09;437,66;225,73;666,67;41,67;0;0;0;;;;;;;;;2777,67;;;;;
116;10;2028;2342,8396972849;1952,37;1866,67;115851,27;154,47;;1014,26;;52,05;;34,86;;;40,09;440,79;0;0;0;0;363,77;0;;2166,67;;0;;141,67;1558,37;;;13,38;;465,37;46351,08;71;Septembre 2034;24417;2,5;666,17;NC;2777,86;14;85,57;105,12;436,52;225,54;666,67;41,67;0;0;0;;;;;;;;;2777,86;;;;;
117;11;2028;2342,8396972849;1952,37;1866,67;114991,48;153,32;;1014,26;;52,05;;34,86;;;40,09;480,88;0;0;0;0;362,81;0;;2166,67;;0;;141,67;1700,04;;;13,38;;465,31;46816,39;70;Septembre 2034;24417;2,5;667,13;NC;2778,06;14;85,59;105,16;435,37;225,34;666,67;41,67;0;0;0;;;;;;;;;2778,06;;;;;
118;12;2028;2342,8396972849;1952,37;1866,67;114130,54;152,17;;1014,26;;52,05;;34,86;;;40,09;520,97;0;0;0;0;401,85;0;;2166,67;;0;;141,67;1841,71;;;13,38;;465,25;47281,64;69;Septembre 2034;24417;2,5;628,09;NC;2778,25;14;85,62;105,19;434,22;225,15;666,67;41,67;0;0;0;;;;;;;;;2778,25;;;;;
119;1;2029;2354,5538957714;1962,13;1866,67;113268,45;151,02;;1014,26;;52,05;;35,03;;;40,29;80,38;0;0;0;0;360,89;0;;2166,67;;0;;141,67;283,34;;;13,48;;473,65;47755,29;67;Aout 2034;24416;2,5;664,87;NC;2782,62;14;86,23;105,94;433,07;224,96;666,67;41,67;0;0;0;;;;;;;;;2782,62;;;;;
120;2;2029;2354,5538957714;1962,13;1866,67;112405,21;149,87;;1014,26;;52,05;;35,03;;;40,29;120,67;0;0;0;0;360,33;0;;2166,67;;0;;141,67;425,01;;;13,48;;473,14;48228,43;66;Aout 2034;24416;2,5;665,43;NC;2782,73;14;86,25;105,96;432,39;224,85;666,67;41,67;0;0;0;;;;;;;;;2782,73;;;;;
121;3;2029;2354,5538957714;1962,13;1866,67;111540,82;148,72;;1014,26;;52,05;;35,03;;;40,29;160,96;0;0;0;0;359,37;0;;2166,67;;0;;141,67;566,68;;;13,48;;473,07;48701,5;64;Juillet 2034;24415;2,5;666,39;NC;2782,92;14;86,28;106;431,24;224,66;666,67;41,67;0;0;0;;;;;;;;;2782,92;;;;;
122;4;2029;2354,5538957714;1962,13;1866,67;110675,28;147,57;;1014,26;;52,05;;35,03;;;40,29;201,25;0;0;0;0;358,41;0;;2166,67;;0;;141,67;708,35;;;13,48;;473,02;49174,52;63;Juillet 2034;24415;2,5;667,35;NC;2783,12;14;86,3;106,03;430,09;224,46;666,67;41,67;0;0;0;;;;;;;;;2783,12;;;;;
123;5;2029;2354,5538957714;1962,13;1866,67;109808,59;146,41;;1014,26;;52,05;;35,03;;;40,29;241,54;0;0;0;0;357,44;0;;2166,67;;0;;141,67;850,02;;;13,48;;472,96;49647,48;61;Juin 2034;24414;2,5;668,32;NC;2783,31;14;86,33;106,06;428,93;224,27;666,67;41,67;0;0;0;;;;;;;;;2783,31;;;;;
124;6;2029;2354,5538957714;1962,13;1866,67;108940,74;145,25;;1014,26;;52,05;;35,03;;;40,29;281,83;0;0;0;0;356,48;0;;2166,67;;0;;141,67;991,69;;;13,48;;472,9;50120,38;60;Juin 2034;24414;2,5;669,28;NC;2783,5;14;86,36;106,09;427,77;224,08;666,67;41,67;0;0;0;;;;;;;;;2783,5;;;;;
125;7;2029;2354,5538957714;1962,13;1866,67;108071,73;144,1;;1014,26;;52,05;;35,03;;;40,29;322,12;0;0;0;0;355,52;0;;2166,67;;0;;141,67;1133,36;;;13,48;;472,84;50593,22;58;Mai 2034;24413;2,5;670,24;NC;2783,69;14;86,38;106,13;426,62;223,89;666,67;41,67;0;0;0;;;;;;;;;2783,69;;;;;
126;8;2029;2354,5538957714;1962,13;1866,67;107201,57;142,94;;1014,26;;52,05;;35,03;;;40,29;362,41;0;0;0;0;354,55;0;;2166,67;;0;;141,67;1275,03;;;13,48;;472,78;51066;57;Mai 2034;24413;2,5;671,21;NC;2783,89;14;86,41;106,16;425,46;223,69;666,67;41,67;0;0;0;;;;;;;;;2783,89;;;;;
127;9;2029;2354,5538957714;1962,13;1866,67;106330,25;141,77;;1014,26;;52,05;;35,03;;;40,29;402,7;0;0;0;0;353,58;0;;2166,67;;0;;141,67;1416,7;;;13,48;;472,72;51538,72;56;Mai 2034;24413;2,5;672,18;NC;2784,08;14;86,44;106,19;424,29;223,5;666,67;41,67;0;0;0;;;;;;;;;2784,08;;;;;
128;10;2029;2354,5538957714;1962,13;1866,67;105457,76;140,61;;1014,26;;52,05;;35,03;;;40,29;442,99;0;0;0;0;352,61;0;;2166,67;;0;;141,67;1558,37;;;13,48;;472,65;52011,37;54;Avril 2034;24412;2,5;673,15;NC;2784,28;14;86,47;106,23;423,13;223,3;666,67;41,67;0;0;0;;;;;;;;;2784,28;;;;;
129;11;2029;2354,5538957714;1962,13;1866,67;104584,11;139,45;;1014,26;;52,05;;35,03;;;40,29;483,28;0;0;0;0;351,64;0;;2166,67;;0;;141,67;1700,04;;;13,48;;472,6;52483,97;53;Avril 2034;24412;2,5;674,12;NC;2784,47;14;86,49;106,26;421,97;223,11;666,67;41,67;0;0;0;;;;;;;;;2784,47;;;;;
130;12;2029;2354,5538957714;1962,13;1866,67;103709,3;138,28;;1014,26;;52,05;;35,03;;;40,29;523,57;0;0;0;0;390,67;0;;2166,67;;0;;141,67;1841,71;;;13,48;;472,54;52956,51;51;Mars 2034;24411;2,5;635,09;NC;2784,66;14;86,52;106,29;420,8;222,92;666,67;41,67;0;0;0;;;;;;;;;2784,66;;;;;
131;1;2030;2366,3266652502;1971,94;1866,67;102833,32;137,11;;1014,26;;52,05;;35,21;;;40,49;80,78;0;0;0;0;349,69;0;;2166,67;;0;;141,67;283,34;;;13,58;;480,97;53437,48;50;Mars 2034;24411;2,5;671,86;NC;2789,07;14;87,14;107,05;419,63;222,72;666,67;41,67;0;0;0;;;;;;;;;2789,07;;;;;
132;2;2030;2366,3266652502;1971,94;1866,67;101956,17;135,94;;1014,26;;52,05;;35,21;;;40,49;121,27;0;0;0;0;349,12;0;;2166,67;;0;;141,67;425,01;;;13,58;;480,46;53917,94;48;Février 2034;24410;2,5;672,43;NC;2789,18;14;87,15;107,07;418,94;222,61;666,67;41,67;0;0;0;;;;;;;;;2789,18;;;;;
133;3;2030;2366,3266652502;1971,94;1866,67;101077,85;134,77;;1014,26;;52,05;;35,21;;;40,49;161,76;0;0;0;0;348,14;0;;2166,67;;0;;141,67;566,68;;;13,58;;480,39;54398,33;47;Février 2034;24410;2,5;673,41;NC;2789,38;14;87,18;107,11;417,77;222,41;666,67;41,67;0;0;0;;;;;;;;;2789,38;;;;;
134;4;2030;2366,3266652502;1971,94;1866,67;100198,36;133,6;;1014,26;;52,05;;35,21;;;40,49;202,25;0;0;0;0;347,17;0;;2166,67;;0;;141,67;708,35;;;13,58;;480,33;54878,66;46;Février 2034;24410;2,5;674,38;NC;2789,57;14;87,21;107,14;416,6;222,22;666,67;41,67;0;0;0;;;;;;;;;2789,57;;;;;
135;5;2030;2366,3266652502;1971,94;1866,67;99317,7;132,42;;1014,26;;52,05;;35,21;;;40,49;242,74;0;0;0;0;346,18;0;;2166,67;;0;;141,67;850,02;;;13,58;;480,28;55358,94;44;Janvier 2034;24409;2,5;675,37;NC;2789,77;14;87,23;107,17;415,42;222,02;666,67;41,67;0;0;0;;;;;;;;;2789,77;;;;;
136;6;2030;2366,3266652502;1971,94;1866,67;98435,86;131,25;;1014,26;;52,05;;35,21;;;40,49;283,23;0;0;0;0;345,21;0;;2166,67;;0;;141,67;991,69;;;13,58;;480,21;55839,15;43;Janvier 2034;24409;2,5;676,34;NC;2789,97;14;87,26;107,21;414,25;221,82;666,67;41,67;0;0;0;;;;;;;;;2789,97;;;;;
137;7;2030;2366,3266652502;1971,94;1866,67;97552,85;130,07;;1014,26;;52,05;;35,21;;;40,49;323,72;0;0;0;0;344,23;0;;2166,67;;0;;141,67;1133,36;;;13,58;;480,15;56319,3;41;Décembre 2034;24420;2,5;677,32;NC;2790,16;14;87,29;107,24;413,07;221,63;666,67;41,67;0;0;0;;;;;;;;;2790,16;;;;;
138;8;2030;2366,3266652502;1971,94;1866,67;96668,66;128,89;;1014,26;;52,05;;35,21;;;40,49;364,21;0;0;0;0;343,24;0;;2166,67;;0;;141,67;1275,03;;;13,58;;480,09;56799,39;40;Décembre 2034;24420;2,5;678,31;NC;2790,36;14;87,32;107,27;411,89;221,43;666,67;41,67;0;0;0;;;;;;;;;2790,36;;;;;
139;9;2030;2366,3266652502;1971,94;1866,67;95783,29;127,71;;1014,26;;52,05;;35,21;;;40,49;404,7;0;0;0;0;342,26;0;;2166,67;;0;;141,67;1416,7;;;13,58;;480,03;57279,42;38;Novembre 2033;24407;2,5;679,29;NC;2790,56;14;87,34;107,31;410,71;221,23;666,67;41,67;0;0;0;;;;;;;;;2790,56;;;;;
140;10;2030;2366,3266652502;1971,94;1866,67;94896,74;126,53;;1014,26;;52,05;;35,21;;;40,49;445,19;0;0;0;0;341,28;0;;2166,67;;0;;141,67;1558,37;;;13,58;;479,97;57759,39;37;Novembre 2033;24407;2,5;680,27;NC;2790,75;14;87,37;107,34;409,53;221,04;666,67;41,67;0;0;0;;;;;;;;;2790,75;;;;;
141;11;2030;2366,3266652502;1971,94;1866,67;94009,01;125,35;;1014,26;;52,05;;35,21;;;40,49;485,68;0;0;0;0;340,29;0;;2166,67;;0;;141,67;1700,04;;;13,58;;479,9;58239,29;36;Novembre 2033;24407;2,5;681,26;NC;2790,95;14;87,4;107,38;408,35;220,84;666,67;41,67;0;0;0;;;;;;;;;2790,95;;;;;
142;12;2030;2366,3266652502;1971,94;1866,67;93120,1;124,16;;1014,26;;52,05;;35,21;;;40,49;526,17;0;0;0;0;379,3;0;;2166,67;;0;;141,67;1841,71;;;13,58;;479,84;58719,13;34;Octobre 2033;24406;2,5;642,25;NC;2791,15;14;87,43;107,41;407,16;220,64;666,67;41,67;0;0;0;;;;;;;;;2791,15;;;;;
143;1;2031;2378,1582985765;1981,8;1866,67;92230;122,97;;1014,26;;52,05;;35,39;;;40,69;81,18;0;0;0;0;338,31;0;;2166,67;;0;;141,67;283,34;;;13,68;;488,32;59207,45;33;Octobre 2033;24406;2,5;679,02;NC;2795,57;14;88,05;108,17;405,97;220,44;666,67;41,67;0;0;0;;;;;;;;;2795,57;;;;;
144;2;2031;2378,1582985765;1981,8;1866,67;91338,71;121,78;;1014,26;;52,05;;35,39;;;40,69;121,87;0;0;0;0;337,72;0;;2166,67;;0;;141,67;425,01;;;13,68;;487,81;59695,26;31;Septembre 2033;24405;2,5;679,61;NC;2795,68;14;88,06;108,19;405,26;220,33;666,67;41,67;0;0;0;;;;;;;;;2795,68;;;;;
145;3;2031;2378,1582985765;1981,8;1866,67;90446,23;120,59;;1014,26;;52,05;;35,39;;;40,69;162,56;0;0;0;0;336,73;0;;2166,67;;0;;141,67;566,68;;;13,68;;487,75;60183,01;30;Septembre 2033;24405;2,5;680,6;NC;2795,88;14;88,09;108,22;404,07;220,13;666,67;41,67;0;0;0;;;;;;;;;2795,88;;;;;
146;4;2031;2378,1582985765;1981,8;1866,67;89552,56;119,4;;1014,26;;52,05;;35,39;;;40,69;203,25;0;0;0;0;335,73;0;;2166,67;;0;;141,67;708,35;;;13,68;;487,68;60670,69;29;Septembre 2033;24405;2,5;681,6;NC;2796,08;14;88,12;108,26;402,88;219,93;666,67;41,67;0;0;0;;;;;;;;;2796,08;;;;;
147;5;2031;2378,1582985765;1981,8;1866,67;88657,7;118,21;;1014,26;;52,05;;35,39;;;40,69;243,94;0;0;0;0;334,74;0;;2166,67;;0;;141,67;850,02;;;13,68;;487,62;61158,31;27;Aout 2033;24404;2,5;682,59;NC;2796,28;14;88,15;108,29;401,69;219,73;666,67;41,67;0;0;0;;;;;;;;;2796,28;;;;;
148;6;2031;2378,1582985765;1981,8;1866,67;87761,65;117,02;;1014,26;;52,05;;35,39;;;40,69;284,63;0;0;0;0;333,75;0;;2166,67;;0;;141,67;991,69;;;13,68;;487,56;61645,87;26;Aout 2033;24404;2,5;683,58;NC;2796,48;14;88,17;108,33;400,5;219,53;666,67;41,67;0;0;0;;;;;;;;;2796,48;;;;;
149;7;2031;2378,1582985765;1981,8;1866,67;86864,41;115,82;;1014,26;;52,05;;35,39;;;40,69;325,32;0;0;0;0;332,75;0;;2166,67;;0;;141,67;1133,36;;;13,68;;487,5;62133,37;24;Juillet 2033;24403;2,5;684,58;NC;2796,68;14;88,2;108,36;399,3;219,33;666,67;41,67;0;0;0;;;;;;;;;2796,68;;;;;
150;8;2031;2378,1582985765;1981,8;1866,67;85965,97;114,62;;1014,26;;52,05;;35,39;;;40,69;366,01;0;0;0;0;331,75;0;;2166,67;;0;;141,67;1275,03;;;13,68;;487,43;62620,8;23;Juillet 2033;24403;2,5;685,58;NC;2796,88;14;88,23;108,4;398,1;219,13;666,67;41,67;0;0;0;;;;;;;;;2796,88;;;;;
151;9;2031;2378,1582985765;1981,8;1866,67;85066,33;113,42;;1014,26;;52,05;;35,39;;;40,69;406,7;0;0;0;0;330,75;0;;2166,67;;0;;141,67;1416,7;;;13,68;;474,37;63095,17;21;Juin 2033;24402;2,5;686,58;NC;2838,75;14;94,09;115,6;396,9;177,26;666,67;0;0;0;0;;;;;;;;;2838,75;;;;;
152;10;2031;2378,1582985765;1981,8;1866,67;84165,49;112,22;;1014,26;;52,05;;35,39;;;40,69;447,39;0;0;0;0;329,75;0;;2166,67;;0;;141,67;1558,37;;;13,68;;474,31;63569,48;20;Juin 2033;24402;2,5;687,58;NC;2838,95;14;94,12;115,63;395,7;177,06;666,67;0;0;0;0;;;;;;;;;2838,95;;;;;
153;11;2031;2378,1582985765;1981,8;1866,67;83263,45;111,02;;1014,26;;52,05;;35,39;;;40,69;488,08;0;0;0;0;328,75;0;;2166,67;;0;;141,67;1700,04;;;13,68;;474,24;64043,72;19;Juin 2033;24402;2,5;688,58;NC;2839,15;14;94,15;115,67;394,5;176,86;666,67;0;0;0;0;;;;;;;;;2839,15;;;;;
154;12;2031;2378,1582985765;1981,8;1866,67;82360,21;109,81;;1014,26;;52,05;;35,39;;;40,69;528,77;0;0;0;0;367,74;0;;2166,67;;0;;141,67;1841,71;;;13,68;;474,18;64517,9;17;Mai 2033;24401;2,5;649,59;NC;2839,35;14;94,18;115,7;393,29;176,66;666,67;0;0;0;0;;;;;;;;;2839,35;;;;;
155;1;2032;2390,0490900694;1991,71;1866,67;81455,76;108,61;;1014,26;;52,05;;35,57;;;40,89;81,58;0;0;0;0;326,74;0;;2166,67;;0;;141,67;283,34;;;13,78;;482,7;65000,6;16;Mai 2033;24401;2,5;686,34;NC;2843,8;14;94,8;116,47;392,09;176,46;666,67;0;0;0;0;;;;;;;;;2843,8;;;;;
156;2;2032;2390,0490900694;1991,71;1866,67;80550,11;107,4;;1014,26;;52,05;;35,57;;;40,89;122,47;0;0;0;0;326,13;0;;2166,67;;0;;141,67;425,01;;;13,78;;482,18;65482,78;15;Mai 2033;24401;2,5;686,95;NC;2843,92;14;94,82;116,49;391,36;176,34;666,67;0;0;0;0;;;;;;;;;2843,92;;;;;
157;3;2032;2390,0490900694;1991,71;1866,67;79643,25;106,19;;1014,26;;52,05;;35,57;;;40,89;163,36;0;0;0;0;325,13;0;;2166,67;;0;;141,67;566,68;;;13,78;;482,13;65964,91;13;Avril 2033;24400;2,5;687,95;NC;2844,12;14;94,84;116,52;390,15;176,14;666,67;0;0;0;0;;;;;;;;;2844,12;;;;;
158;4;2032;2390,0490900694;1991,71;1866,67;78735,18;104,98;;1014,26;;52,05;;35,57;;;40,89;204,25;0;0;0;0;324,12;0;;2166,67;;0;;141,67;708,35;;;13,78;;482,06;66446,97;12;Avril 2033;24400;2,5;688,96;NC;2844,32;14;94,87;116,56;388,94;175,94;666,67;0;0;0;0;;;;;;;;;2844,32;;;;;
159;5;2032;2390,0490900694;1991,71;1866,67;77825,9;103,77;;1014,26;;52,05;;35,57;;;40,89;245,14;0;0;0;0;323,11;0;;2166,67;;0;;141,67;850,02;;;13,78;;482;66928,97;10;Mars 2033;24399;2,5;689,97;NC;2844,53;14;94,9;116,59;387,73;175,73;666,67;0;0;0;0;;;;;;;;;2844,53;;;;;
160;6;2032;2390,0490900694;1991,71;1866,67;76915,41;102,55;;1014,26;;52,05;;35,57;;;40,89;286,03;0;0;0;0;322,09;0;;2166,67;;0;;141,67;991,69;;;13,78;;481,93;67410,9;9;Mars 2033;24399;2,5;690,99;NC;2844,73;14;94,93;116,63;386,51;175,53;666,67;0;0;0;0;;;;;;;;;2844,73;;;;;
161;7;2032;2390,0490900694;1991,71;1866,67;76003,7;101,34;;1014,26;;52,05;;35,57;;;40,89;326,92;0;0;0;0;321,08;0;;2166,67;;0;;141,67;1133,36;;;13,78;;481,87;67892,77;8;Mars 2033;24399;2,5;692;NC;2844,93;14;94,96;116,66;385,3;175,33;666,67;0;0;0;0;;;;;;;;;2844,93;;;;;
162;8;2032;2390,0490900694;1991,71;1866,67;75090,78;100,12;;1014,26;;52,05;;35,57;;;40,89;367,81;0;0;0;0;320,07;0;;2166,67;;0;;141,67;1275,03;;;13,78;;481,81;68374,58;6;Février 2033;24398;2,5;693,01;NC;2845,13;14;94,98;116,7;384,08;175,13;666,67;0;0;0;0;;;;;;;;;2845,13;;;;;
163;9;2032;2390,0490900694;1991,71;1866,67;74176,64;98,9;;1014,26;;52,05;;35,57;;;40,89;408,7;0;0;0;0;319,05;0;;2166,67;;0;;141,67;1416,7;;;13,78;;481,75;68856,33;5;Février 2033;24398;2,5;694,03;NC;2845,34;14;95,01;116,73;382,86;174,92;666,67;0;0;0;0;;;;;;;;;2845,34;;;;;
164;10;2032;2390,0490900694;1991,71;1866,67;73261,28;97,68;;1014,26;;52,05;;35,57;;;40,89;449,59;0;0;0;0;318,03;0;;2166,67;;0;;141,67;1558,37;;;13,78;;481,68;69338,01;3;Janvier 2033;24397;2,5;695,05;NC;2845,54;14;95,04;116,77;381,64;174,72;666,67;0;0;0;0;;;;;;;;;2845,54;;;;;
165;11;2032;2390,0490900694;1991,71;1866,67;72344,7;96,46;;1014,26;;52,05;;35,57;;;40,89;490,48;0;0;0;0;317,02;0;;2166,67;;0;;141,67;1700,04;;;13,78;;481,62;69819,63;2;Janvier 2033;24397;2,5;696,06;NC;2845,74;14;95,07;116,8;380,42;174,52;666,67;0;0;0;0;;;;;;;;;2845,74;;;;;
166;12;2032;2390,0490900694;1991,71;1866,67;71426,9;95,24;;1014,26;;52,05;;35,57;;;40,89;531,37;0;0;0;0;356;0;;2166,67;;0;;141,67;1841,71;;;13,78;;481,55;70301,18;1;Janvier 2033;24397;2,5;657,08;NC;2845,95;14;95,1;116,84;379,2;174,31;666,67;0;0;0;0;;;;;;;;;2845,95;;;;;
167;1;2033;2401,9993355197;2001,67;1866,67;70507,88;94,01;;1014,26;;52,05;;35,75;;;41,09;81,98;0;0;0;0;314,98;0;;2166,67;;0;;141,67;283,34;;;13,88;;490,11;70791,29;0;Janvier 2033;24397;2,5;693,83;NC;2850,42;14;95,73;117,61;377,97;174,11;666,67;0;0;0;0;;;;;;;;;2850,42;;;;;
168;2;2033;2401,9993355197;2001,67;1866,67;69587,63;92,78;;1014,26;;52,05;;35,75;;;41,09;123,07;0;0;0;0;314,35;0;;2166,67;;0;;141,67;425,01;;;13,88;;489,6;71280,89;0;Février 2033;24398;2,5;694,46;NC;2850,55;14;95,74;117,63;377,22;173,98;666,67;0;0;0;0;;;;;;;;;2850,55;;;;;
169;3;2033;2401,9993355197;2001,67;1866,67;68666,15;91,55;;1014,26;;52,05;;35,75;;;41,09;164,16;0;0;0;0;313,33;0;;2166,67;;0;;141,67;566,68;;;13,88;;489,54;71770,43;0;Mars 2033;24399;2,5;695,48;NC;2850,75;14;95,77;117,66;375,99;173,78;666,67;0;0;0;0;;;;;;;;;2850,75;;;;;
170;4;2033;2401,9993355197;2001,67;1866,67;67743,44;90,32;;1014,26;;52,05;;35,75;;;41,09;205,25;0;0;0;0;312,3;0;;2166,67;;0;;141,67;708,35;;;13,88;;489,47;72259,9;0;Avril 2033;24400;2,5;696,51;NC;2850,96;14;95,8;117,7;374,76;173,57;666,67;0;0;0;0;;;;;;;;;2850,96;;;;;
171;5;2033;2401,9993355197;2001,67;1866,67;66819,5;89,09;;1014,26;;52,05;;35,75;;;41,09;246,34;0;0;0;0;311,28;0;;2166,67;;0;;141,67;850,02;;;13,88;;489,41;72749,31;0;Mai 2033;24401;2,5;697,53;NC;2851,16;14;95,83;117,73;373,53;173,37;666,67;0;0;0;0;;;;;;;;;2851,16;;;;;
172;6;2033;2401,9993355197;2001,67;1866,67;65894,33;87,86;;1014,26;;52,05;;35,75;;;41,09;287,43;0;0;0;0;310,25;0;;2166,67;;0;;141,67;991,69;;;13,88;;489,34;73238,65;0;Juin 2033;24402;2,5;698,56;NC;2851,37;14;95,86;117,77;372,3;173,16;666,67;0;0;0;0;;;;;;;;;2851,37;;;;;
173;7;2033;2401,9993355197;2001,67;1866,67;64967,93;86,62;;1014,26;;52,05;;35,75;;;41,09;328,52;0;0;0;0;309,22;0;;2166,67;;0;;141,67;1133,36;;;13,88;;489,28;73727,93;0;Juillet 2033;24403;2,5;699,59;NC;2851,57;14;95,89;117,8;371,06;172,96;666,67;0;0;0;0;;;;;;;;;2851,57;;;;;
174;8;2033;2401,9993355197;2001,67;1866,67;64040,29;85,39;;1014,26;;52,05;;35,75;;;41,09;369,61;0;0;0;0;308,19;0;;2166,67;;0;;141,67;1275,03;;;13,88;;489,21;74217,14;0;Aout 2033;24404;2,5;700,62;NC;2851,78;14;95,92;117,84;369,83;172,75;666,67;0;0;0;0;;;;;;;;;2851,78;;;;;
175;9;2033;2401,9993355197;2001,67;1866,67;63111,42;84,15;;1014,26;;52,05;;35,75;;;41,09;410,7;0;0;0;0;307,16;0;;2166,67;;0;;141,67;1416,7;;;13,88;;489,15;74706,29;0;Septembre 2033;24405;2,5;701,65;NC;2851,99;14;95,94;117,88;368,59;172,54;666,67;0;0;0;0;;;;;;;;;2851,99;;;;;
176;10;2033;2401,9993355197;2001,67;1866,67;62181,31;82,91;;1014,26;;52,05;;35,75;;;41,09;451,79;0;0;0;0;306,13;0;;2166,67;;0;;141,67;1558,37;;;13,88;;489,09;75195,38;0;Octobre 2033;24406;2,5;702,68;NC;2852,19;14;95,97;117,91;367,35;172,34;666,67;0;0;0;0;;;;;;;;;2852,19;;;;;
177;11;2033;2401,9993355197;2001,67;1866,67;61249,96;81,67;;1014,26;;52,05;;35,75;;;41,09;492,88;0;0;0;0;305,09;0;;2166,67;;0;;141,67;1700,04;;;13,88;;489,02;75684,4;0;Novembre 2033;24407;2,5;703,72;NC;2852,4;14;96;117,95;366,11;172,13;666,67;0;0;0;0;;;;;;;;;2852,4;;;;;
178;12;2033;2401,9993355197;2001,67;1866,67;60317,37;80,42;;1014,26;;52,05;;35,75;;;41,09;533,97;0;0;0;0;344,05;0;;2166,67;;0;;141,67;1841,71;;;13,88;;488,96;76173,36;0;Décembre 2034;24420;2,5;664,76;NC;2852,61;14;96,03;117,98;364,86;171,92;666,67;0;0;0;0;;;;;;;;;2852,61;;;;;
179;1;2034;2414,0093321973;2011,67;1866,67;59383,53;79,18;;1014,26;;52,05;;35,93;;;41,3;82,39;0;0;0;0;303,02;0;;2166,67;;0;;141,67;283,34;;;13,98;;497,56;76670,92;0;Janvier 2034;24409;2,5;701,5;NC;2857,1;14;96,66;118,75;363,62;171,72;666,67;0;0;0;0;;;;;;;;;2857,1;;;;;
180;2;2034;2414,0093321973;2011,67;1866,67;58448,45;77,93;;1014,26;;52,05;;35,93;;;41,3;123,69;0;0;0;0;302,38;0;;2166,67;;0;;141,67;425,01;;;13,98;;497,02;77167,94;0;Février 2034;24410;2,5;702,14;NC;2857,23;14;96,68;118,78;362,86;171,59;666,67;0;0;0;0;;;;;;;;;2857,23;;;;;
181;3;2034;2414,0093321973;2011,67;1866,67;57512,12;76,68;;1014,26;;52,05;;35,93;;;41,3;164,99;0;0;0;0;301,34;0;;2166,67;;0;;141,67;566,68;;;13,98;;496,96;77664,9;0;Mars 2034;24411;2,5;703,18;NC;2857,44;14;96,71;118,81;361,61;171,38;666,67;0;0;0;0;;;;;;;;;2857,44;;;;;
182;4;2034;2414,0093321973;2011,67;1866,67;56574,54;75,43;;1014,26;;52,05;;35,93;;;41,3;206,29;0;0;0;0;300,3;0;;2166,67;;0;;141,67;708,35;;;13,98;;496,89;78161,79;0;Avril 2034;24412;2,5;704,22;NC;2857,65;14;96,74;118,85;360,36;171,17;666,67;0;0;0;0;;;;;;;;;2857,65;;;;;
183;5;2034;2414,0093321973;2011,67;1866,67;55635,71;74,18;;1014,26;;52,05;;35,93;;;41,3;247,59;0;0;0;0;299,26;0;;2166,67;;0;;141,67;850,02;;;13,98;;496,83;78658,62;0;Mai 2034;24413;2,5;705,26;NC;2857,86;14;96,77;118,88;359,11;170,96;666,67;0;0;0;0;;;;;;;;;2857,86;;;;;
184;6;2034;2414,0093321973;2011,67;1866,67;54695,63;72,93;;1014,26;;52,05;;35,93;;;41,3;288,89;0;0;0;0;298,22;0;;2166,67;;0;;141,67;991,69;;;13,98;;496,77;79155,39;0;Juin 2034;24414;2,5;706,3;NC;2858,06;14;96,79;118,92;357,86;170,76;666,67;0;0;0;0;;;;;;;;;2858,06;;;;;
185;7;2034;2414,0093321973;2011,67;1866,67;53754,3;71,67;;1014,26;;52,05;;35,93;;;41,3;330,19;0;0;0;0;297,17;0;;2166,67;;0;;141,67;1133,36;;;13,98;;496,7;79652,09;0;Juillet 2034;24415;2,5;707,35;NC;2858,27;14;96,82;118,96;356,6;170,55;666,67;0;0;0;0;;;;;;;;;2858,27;;;;;
186;8;2034;2414,0093321973;2011,67;1866,67;52811,71;70,42;;1014,26;;52,05;;35,93;;;41,3;371,49;0;0;0;0;296,13;0;;2166,67;;0;;141,67;1275,03;;;13,98;;496,64;80148,73;0;Aout 2034;24416;2,5;708,39;NC;2858,48;14;96,85;118,99;355,35;170,34;666,67;0;0;0;0;;;;;;;;;2858,48;;;;;
187;9;2034;2414,0093321973;2011,67;1866,67;51867,87;69,16;;1014,26;;52,05;;35,93;;;41,3;412,79;0;0;0;0;295,08;0;;2166,67;;0;;141,67;1416,7;;;13,98;;496,57;80645,3;0;Septembre 2034;24417;2,5;709,44;NC;2858,69;14;96,88;119,03;354,09;170,13;666,67;0;0;0;0;;;;;;;;;2858,69;;;;;
188;10;2034;2414,0093321973;2011,67;1866,67;50922,77;67,9;;1014,26;;52,05;;35,93;;;41,3;454,09;0;0;0;0;294,03;0;;2166,67;;0;;141,67;1558,37;;;13,98;;496,51;81141,81;0;Octobre 2034;24418;2,5;710,49;NC;2858,9;14;96,91;119,06;352,83;169,92;666,67;0;0;0;0;;;;;;;;;2858,9;;;;;
189;11;2034;2414,0093321973;2011,67;1866,67;49976,41;66,64;;1014,26;;52,05;;35,93;;;41,3;495,39;0;0;0;0;292,98;0;;2166,67;;0;;141,67;1700,04;;;13,98;;496,44;81638,25;0;Novembre 2034;24419;2,5;711,54;NC;2859,11;14;96,94;119,1;351,57;169,71;666,67;0;0;0;0;;;;;;;;;2859,11;;;;;
190;12;2034;2414,0093321973;2011,67;1866,67;49028,79;65,37;;1014,26;;52,05;;35,93;;;41,3;536,69;0;0;0;0;331,92;0;;2166,67;;0;;141,67;1841,71;;;13,98;;496,37;82134,62;0;Décembre 2035;24432;2,5;672,6;NC;2859,32;14;96,97;119,14;350,3;169,5;666,67;0;0;0;0;;;;;;;;;2859,32;;;;;
191;1;2035;2426,0793788583;2021,73;1866,67;48079,9;64,11;;1014,26;;52,05;;36,11;;;41,51;82,81;0;0;0;0;290,87;0;;2166,67;;0;;141,67;283,34;;;14,08;;505,03;82639,65;0;Janvier 2035;24421;2,5;709,34;NC;2863,84;14;97,6;119,91;349,04;169,29;666,67;0;0;0;0;;;;;;;;;2863,84;;;;;
192;2;2035;2426,0793788583;2021,73;1866,67;47129,75;62,84;;1014,26;;52,05;;36,11;;;41,51;124,32;0;0;0;0;290,22;0;;2166,67;;0;;141,67;425,01;;;14,08;;504,49;83144,14;0;Février 2035;24422;2,5;709,99;NC;2863,97;14;97,62;119,94;348,26;169,16;666,67;0;0;0;0;;;;;;;;;2863,97;;;;;
193;3;2035;2426,0793788583;2021,73;1866,67;46178,33;61,57;;1014,26;;52,05;;36,11;;;41,51;165,83;0;0;0;0;289,16;0;;2166,67;;0;;141,67;566,68;;;14,08;;504,43;83648,57;0;Mars 2035;24423;2,5;711,05;NC;2864,19;14;97,65;119,97;346,99;168,94;666,67;0;0;0;0;;;;;;;;;2864,19;;;;;
194;4;2035;2426,0793788583;2021,73;1866,67;45225,64;60,3;;1014,26;;52,05;;36,11;;;41,51;207,34;0;0;0;0;288,1;0;;2166,67;;0;;141,67;708,35;;;14,08;;504,36;84152,93;0;Avril 2035;24424;2,5;712,11;NC;2864,4;14;97,68;120,01;345,72;168,73;666,67;0;0;0;0;;;;;;;;;2864,4;;;;;
195;5;2035;2426,0793788583;2021,73;1866,67;44271,68;59,03;;1014,26;;52,05;;36,11;;;41,51;248,85;0;0;0;0;287,04;0;;2166,67;;0;;141,67;850,02;;;14,08;;504,29;84657,22;0;Mai 2035;24425;2,5;713,17;NC;2864,61;14;97,71;120,05;344,45;168,52;666,67;0;0;0;0;;;;;;;;;2864,61;;;;;
196;6;2035;2426,0793788583;2021,73;1866,67;43316,45;57,76;;1014,26;;52,05;;36,11;;;41,51;290,36;0;0;0;0;285,98;0;;2166,67;;0;;141,67;991,69;;;14,08;;504,23;85161,45;0;Juin 2035;24426;2,5;714,23;NC;2864,82;14;97,74;120,08;343,18;168,31;666,67;0;0;0;0;;;;;;;;;2864,82;;;;;
197;7;2035;2426,0793788583;2021,73;1866,67;42359,95;56,48;;1014,26;;52,05;;36,11;;;41,51;331,87;0;0;0;0;284,92;0;;2166,67;;0;;141,67;1133,36;;;14,08;;504,16;85665,61;0;Juillet 2035;24427;2,5;715,29;NC;2865,03;14;97,77;120,12;341,9;168,1;666,67;0;0;0;0;;;;;;;;;2865,03;;;;;
198;8;2035;2426,0793788583;2021,73;1866,67;41402,17;55,2;;1014,26;;52,05;;36,11;;;41,51;373,38;0;0;0;0;283,85;0;;2166,67;;0;;141,67;1275,03;;;14,08;;504,09;86169,7;0;Aout 2035;24428;2,5;716,36;NC;2865,25;14;97,8;120,16;340,62;167,88;666,67;0;0;0;0;;;;;;;;;2865,25;;;;;
199;9;2035;2426,0793788583;2021,73;1866,67;40443,11;53,92;;1014,26;;52,05;;36,11;;;41,51;414,89;0;0;0;0;282,78;0;;2166,67;;0;;141,67;1416,7;;;14,08;;504,03;86673,73;0;Septembre 2035;24429;2,5;717,43;NC;2865,46;14;97,83;120,19;339,34;167,67;666,67;0;0;0;0;;;;;;;;;2865,46;;;;;
200;10;2035;2426,0793788583;2021,73;1866,67;39482,77;52,64;;1014,26;;52,05;;36,11;;;41,51;456,4;0;0;0;0;281,72;0;;2166,67;;0;;141,67;1558,37;;;14,08;;503,96;87177,69;0;Octobre 2035;24430;2,5;718,49;NC;2865,67;14;97,86;120,23;338,06;167,46;666,67;0;0;0;0;;;;;;;;;2865,67;;;;;
201;11;2035;2426,0793788583;2021,73;1866,67;38521,15;51,36;;1014,26;;52,05;;36,11;;;41,51;497,91;0;0;0;0;280,65;0;;2166,67;;0;;141,67;1700,04;;;14,08;;503,89;87681,58;0;Novembre 2035;24431;2,5;719,56;NC;2865,89;14;97,89;120,27;336,78;167,24;666,67;0;0;0;0;;;;;;;;;2865,89;;;;;
202;12;2035;2426,0793788583;2021,73;1866,67;37558,25;50,08;;1014,26;;52,05;;36,11;;;41,51;539,42;0;0;0;0;319,58;0;;2166,67;;0;;141,67;1841,71;;;14,08;;503,83;88185,41;0;Décembre 2036;24444;2,5;680,63;NC;2866,1;14;97,92;120,3;335,5;167,03;666,67;0;0;0;0;;;;;;;;;2866,1;;;;;
203;1;2036;2438,2097757526;2031,84;1866,67;36594,07;48,79;;1014,26;;52,05;;36,29;;;41,72;83,23;0;0;0;0;278,51;0;;2166,67;;0;;141,67;283,34;;;14,19;;512,52;88697,93;0;Janvier 2036;24433;2,5;717,37;NC;2870,65;14;98,56;121,08;334,21;166,81;666,67;0;0;0;0;;;;;;;;;2870,65;;;;;
204;2;2036;2438,2097757526;2031,84;1866,67;35628,6;47,5;;1014,26;;52,05;;36,29;;;41,72;124,95;0;0;0;0;277,85;0;;2166,67;;0;;141,67;425,01;;;14,19;;511,97;89209,9;0;Février 2036;24434;2,5;718,03;NC;2870,78;14;98,58;121,11;333,42;166,68;666,67;0;0;0;0;;;;;;;;;2870,78;;;;;
205;3;2036;2438,2097757526;2031,84;1866,67;34661,84;46,22;;1014,26;;52,05;;36,29;;;41,72;166,67;0;0;0;0;276,78;0;;2166,67;;0;;141,67;566,68;;;14,19;;511,92;89721,82;0;Mars 2036;24435;2,5;719,1;NC;2870,99;14;98,6;121,14;332,14;166,47;666,67;0;0;0;0;;;;;;;;;2870,99;;;;;
206;4;2036;2438,2097757526;2031,84;1866,67;33693,8;44,93;;1014,26;;52,05;;36,29;;;41,72;208,39;0;0;0;0;275,71;0;;2166,67;;0;;141,67;708,35;;;14,19;;511,84;90233,66;0;Avril 2036;24436;2,5;720,17;NC;2871,21;14;98,64;121,18;330,85;166,25;666,67;0;0;0;0;;;;;;;;;2871,21;;;;;
207;5;2036;2438,2097757526;2031,84;1866,67;32724,47;43,63;;1014,26;;52,05;;36,29;;;41,72;250,11;0;0;0;0;274,63;0;;2166,67;;0;;141,67;850,02;;;14,19;;511,77;90745,43;0;Mai 2036;24437;2,5;721,25;NC;2871,42;14;98,67;121,22;329,55;166,04;666,67;0;0;0;0;;;;;;;;;2871,42;;;;;
208;6;2036;2438,2097757526;2031,84;1866,67;31753,84;42,34;;1014,26;;52,05;;36,29;;;41,72;291,83;0;0;0;0;273,55;0;;2166,67;;0;;141,67;991,69;;;14,19;;511,71;91257,14;0;Juin 2036;24438;2,5;722,33;NC;2871,64;14;98,7;121,25;328,26;165,82;666,67;0;0;0;0;;;;;;;;;2871,64;;;;;
209;7;2036;2438,2097757526;2031,84;1866,67;30781,92;41,04;;1014,26;;52,05;;36,29;;;41,72;333,55;0;0;0;0;272,47;0;;2166,67;;0;;141,67;1133,36;;;14,19;;511,64;91768,78;0;Juillet 2036;24439;2,5;723,41;NC;2871,85;14;98,73;121,29;326,96;165,61;666,67;0;0;0;0;;;;;;;;;2871,85;;;;;
210;8;2036;2438,2097757526;2031,84;1866,67;29808,7;39,74;;1014,26;;52,05;;36,29;;;41,72;375,27;0;0;0;0;271,38;0;;2166,67;;0;;141,67;1275,03;;;14,19;;511,57;92280,35;0;Aout 2036;24440;2,5;724,5;NC;2872,07;14;98,76;121,33;325,66;165,39;666,67;0;0;0;0;;;;;;;;;2872,07;;;;;
211;9;2036;2438,2097757526;2031,84;1866,67;28834,18;38,45;;1014,26;;52,05;;36,29;;;41,72;416,99;0;0;0;0;270,31;0;;2166,67;;0;;141,67;1416,7;;;14,19;;511,5;92791,85;0;Septembre 2036;24441;2,5;725,57;NC;2872,29;14;98,79;121,37;324,37;165,17;666,67;0;0;0;0;;;;;;;;;2872,29;;;;;
212;10;2036;2438,2097757526;2031,84;1866,67;27858,37;37,14;;1014,26;;52,05;;36,29;;;41,72;458,71;0;0;0;0;269,22;0;;2166,67;;0;;141,67;1558,37;;;14,19;;511,44;93303,29;0;Octobre 2036;24442;2,5;726,66;NC;2872,5;14;98,82;121,4;323,06;164,96;666,67;0;0;0;0;;;;;;;;;2872,5;;;;;
213;11;2036;2438,2097757526;2031,84;1866,67;26881,25;35,84;;1014,26;;52,05;;36,29;;;41,72;500,43;0;0;0;0;268,13;0;;2166,67;;0;;141,67;1700,04;;;14,19;;511,37;93814,66;0;Novembre 2036;24443;2,5;727,75;NC;2872,72;14;98,85;121,44;321,76;164,74;666,67;0;0;0;0;;;;;;;;;2872,72;;;;;
214;12;2036;2438,2097757526;2031,84;1866,67;25902,83;34,54;;1014,26;;52,05;;36,29;;;41,72;542,15;0;0;0;0;307,05;0;;2166,67;;0;;141,67;1841,71;;;14,19;;511,3;94325,96;0;Décembre 2037;24456;2,5;688,83;NC;2872,94;14;98,88;121,48;320,46;164,52;666,67;0;0;0;0;;;;;;;;;2872,94;;;;;
215;1;2037;2450,4008246313;2042;1866,67;24923,11;33,23;;1014,26;;52,05;;36,47;;;41,93;83,65;0;0;0;0;265,96;0;;2166,67;;0;;141,67;283,34;;;14,3;;520,04;94846;0;Janvier 2037;24445;2,5;725,57;NC;2877,51;14;99,52;122,26;319,15;164,3;666,67;0;0;0;0;;;;;;;;;2877,51;;;;;
216;2;2037;2450,4008246313;2042;1866,67;23942,08;31,92;;1014,26;;52,05;;36,47;;;41,93;125,58;0;0;0;0;265,28;0;;2166,67;;0;;141,67;425,01;;;14,3;;519,49;95365,49;0;Février 2037;24446;2,5;726,25;NC;2877,64;14;99,54;122,29;318,34;164,17;666,67;0;0;0;0;;;;;;;;;2877,64;;;;;
217;3;2037;2450,4008246313;2042;1866,67;22959,74;30,61;;1014,26;;52,05;;36,47;;;41,93;167,51;0;0;0;0;264,19;0;;2166,67;;0;;141,67;566,68;;;14,3;;519,43;95884,92;0;Mars 2037;24447;2,5;727,34;NC;2877,86;14;99,57;122,32;317,03;163,95;666,67;0;0;0;0;;;;;;;;;2877,86;;;;;
218;4;2037;2450,4008246313;2042;1866,67;21976,09;29,3;;1014,26;;52,05;;36,47;;;41,93;209,44;0;0;0;0;263,1;0;;2166,67;;0;;141,67;708,35;;;14,3;;519,36;96404,28;0;Avril 2037;24448;2,5;728,43;NC;2878,08;14;99,6;122,36;315,72;163,73;666,67;0;0;0;0;;;;;;;;;2878,08;;;;;
219;5;2037;2450,4008246313;2042;1866,67;20991,13;27,99;;1014,26;;52,05;;36,47;;;41,93;251,37;0;0;0;0;262,01;0;;2166,67;;0;;141,67;850,02;;;14,3;;519,29;96923,57;0;Mai 2037;24449;2,5;729,52;NC;2878,3;14;99,63;122,4;314,41;163,51;666,67;0;0;0;0;;;;;;;;;2878,3;;;;;
220;6;2037;2450,4008246313;2042;1866,67;20004,86;26,67;;1014,26;;52,05;;36,47;;;41,93;293,3;0;0;0;0;260,91;0;;2166,67;;0;;141,67;991,69;;;14,3;;519,22;97442,79;0;Juin 2037;24450;2,5;730,62;NC;2878,52;14;99,66;122,44;313,09;163,29;666,67;0;0;0;0;;;;;;;;;2878,52;;;;;
221;7;2037;2450,4008246313;2042;1866,67;19017,27;25,36;;1014,26;;52,05;;36,47;;;41,93;335,23;0;0;0;0;259,82;0;;2166,67;;0;;141,67;1133,36;;;14,3;;519,16;97961,95;0;Juillet 2037;24451;2,5;731,71;NC;2878,73;14;99,69;122,47;311,78;163,08;666,67;0;0;0;0;;;;;;;;;2878,73;;;;;
222;8;2037;2450,4008246313;2042;1866,67;18028,37;24,04;;1014,26;;52,05;;36,47;;;41,93;377,16;0;0;0;0;258,72;0;;2166,67;;0;;141,67;1275,03;;;14,3;;519,09;98481,04;0;Aout 2037;24452;2,5;732,81;NC;2878,95;14;99,72;122,51;310,46;162,86;666,67;0;0;0;0;;;;;;;;;2878,95;;;;;
223;9;2037;2450,4008246313;2042;1866,67;17038,15;22,72;;1014,26;;52,05;;36,47;;;41,93;419,09;0;0;0;0;257,62;0;;2166,67;;0;;141,67;1416,7;;;14,3;;519,02;99000,06;0;Septembre 2037;24453;2,5;733,91;NC;2879,17;14;99,75;122,55;309,14;162,64;666,67;0;0;0;0;;;;;;;;;2879,17;;;;;
224;10;2037;2450,4008246313;2042;1866,67;16046,61;21,4;;1014,26;;52,05;;36,47;;;41,93;461,02;0;0;0;0;256,52;0;;2166,67;;0;;141,67;1558,37;;;14,3;;518,95;99519,01;0;Octobre 2037;24454;2,5;735,01;NC;2879,39;14;99,78;122,59;307,82;162,42;666,67;0;0;0;0;;;;;;;;;2879,39;;;;;
225;11;2037;2450,4008246313;2042;1866,67;15053,75;20,07;;1014,26;;52,05;;36,47;;;41,93;502,95;0;0;0;0;255,41;0;;2166,67;;0;;141,67;1700,04;;;14,3;;518,88;100037,89;0;Novembre 2037;24455;2,5;736,12;NC;2879,62;14;99,81;122,63;306,49;162,19;666,67;0;0;0;0;;;;;;;;;2879,62;;;;;
226;12;2037;2450,4008246313;2042;1866,67;14059,56;18,75;;1014,26;;52,05;;36,47;;;41,93;544,88;0;0;0;0;294,31;0;;2166,67;;0;;141,67;1841,71;;;14,3;;518,81;100556,7;0;Décembre 2038;24468;2,5;697,22;NC;2879,84;14;99,84;122,67;305,17;161,97;666,67;0;0;0;0;;;;;;;;;2879,84;;;;;
227;1;2038;2462,6528287545;2052,21;1866,67;13064,05;17,42;;1014,26;;52,05;;36,65;;;42,14;84,07;0;0;0;0;253,2;0;;2166,67;;0;;141,67;283,34;;;14,41;;527,58;101084,28;0;Janvier 2038;24457;2,5;733,95;NC;2884,44;14;100,49;123,46;303,84;161,75;666,67;0;0;0;0;;;;;;;;;2884,44;;;;;
228;2;2038;2462,6528287545;2052,21;1866,67;12067,21;16,09;;1014,26;;52,05;;36,65;;;42,14;126,21;0;0;0;0;252,51;0;;2166,67;;0;;141,67;425,01;;;14,41;;527,04;101611,32;0;Février 2038;24458;2,5;734,64;NC;2884,58;14;100,51;123,48;303,01;161,61;666,67;0;0;0;0;;;;;;;;;2884,58;;;;;
229;3;2038;2462,6528287545;2052,21;1866,67;11069,04;14,76;;1014,26;;52,05;;36,65;;;42,14;168,35;0;0;0;0;251,4;0;;2166,67;;0;;141,67;566,68;;;14,41;;526,97;102138,29;0;Mars 2038;24459;2,5;735,75;NC;2884,8;14;100,54;123,52;301,68;161,39;666,67;0;0;0;0;;;;;;;;;2884,8;;;;;
230;4;2038;2462,6528287545;2052,21;1866,67;10069,54;13,43;;1014,26;;52,05;;36,65;;;42,14;210,49;0;0;0;0;250,29;0;;2166,67;;0;;141,67;708,35;;;14,41;;526,9;102665,19;0;Avril 2038;24460;2,5;736,86;NC;2885,02;14;100,57;123,56;300,35;161,17;666,67;0;0;0;0;;;;;;;;;2885,02;;;;;
231;5;2038;2462,6528287545;2052,21;1866,67;9068,71;12,09;;1014,26;;52,05;;36,65;;;42,14;252,63;0;0;0;0;249,18;0;;2166,67;;0;;141,67;850,02;;;14,41;;526,84;103192,03;0;Mai 2038;24461;2,5;737,97;NC;2885,24;14;100,6;123,59;299,01;160,95;666,67;0;0;0;0;;;;;;;;;2885,24;;;;;
232;6;2038;2462,6528287545;2052,21;1866,67;8066,54;10,76;;1014,26;;52,05;;36,65;;;42,14;294,77;0;0;0;0;248,07;0;;2166,67;;0;;141,67;991,69;;;14,41;;526,77;103718,8;0;Juin 2038;24462;2,5;739,08;NC;2885,46;14;100,63;123,63;297,68;160,73;666,67;0;0;0;0;;;;;;;;;2885,46;;;;;
233;7;2038;2462,6528287545;2052,21;1866,67;7063,04;9,42;;1014,26;;52,05;;36,65;;;42,14;336,91;0;0;0;0;246,95;0;;2166,67;;0;;141,67;1133,36;;;14,41;;526,7;104245,5;0;Juillet 2038;24463;2,5;740,2;NC;2885,69;14;100,66;123,67;296,34;160,5;666,67;0;0;0;0;;;;;;;;;2885,69;;;;;
234;8;2038;2462,6528287545;2052,21;1866,67;6058,2;8,08;;1014,26;;52,05;;36,65;;;42,14;379,05;0;0;0;0;245,83;0;;2166,67;;0;;141,67;1275,03;;;14,41;;526,63;104772,13;0;Aout 2038;24464;2,5;741,32;NC;2885,91;14;100,69;123,71;295;160,28;666,67;0;0;0;0;;;;;;;;;2885,91;;;;;
235;9;2038;2462,6528287545;2052,21;1866,67;5052,02;6,74;;1014,26;;52,05;;36,65;;;42,14;421,19;0;0;0;0;244,72;0;;2166,67;;0;;141,67;1416,7;;;14,41;;526,56;105298,69;0;Septembre 2038;24465;2,5;742,43;NC;2886,13;14;100,72;123,75;293,66;160,06;666,67;0;0;0;0;;;;;;;;;2886,13;;;;;
236;10;2038;2462,6528287545;2052,21;1866,67;4044,5;5,39;;1014,26;;52,05;;36,65;;;42,14;463,33;0;0;0;0;243,59;0;;2166,67;;0;;141,67;1558,37;;;14,41;;526,48;105825,17;0;Octobre 2038;24466;2,5;743,56;NC;2886,36;14;100,76;123,79;292,31;159,83;666,67;0;0;0;0;;;;;;;;;2886,36;;;;;
237;11;2038;2462,6528287545;2052,21;1866,67;3035,63;4,05;;1014,26;;52,05;;36,65;;;42,14;505,47;0;0;0;0;242,48;0;;2166,67;;0;;141,67;1700,04;;;14,41;;526,42;106351,59;0;Novembre 2038;24467;2,5;744,67;NC;2886,58;14;100,79;123,82;290,97;159,61;666,67;0;0;0;0;;;;;;;;;2886,58;;;;;
238;12;2038;2462,6528287545;2052,21;1866,67;2025,42;2,7;;1014,26;;52,05;;36,65;;;42,14;547,61;0;0;0;0;281,35;0;;2166,67;;0;;141,67;1841,71;;;14,41;;526,35;106877,94;0;Décembre 2039;24480;2,5;705,8;NC;2886,81;14;100,82;123,86;289,62;159,38;666,67;0;0;0;0;;;;;;;;;2886,81;;;;;
239;1;2039;2474,9660928983;2062,47;1866,67;1013,86;1,35;;1014,26;;52,05;;36,83;;;42,35;84,49;0;0;0;0;240,23;0;;2166,67;;0;;141,67;283,34;;;14,52;;535,16;107413,1;0;Janvier 2039;24469;2,5;742,52;NC;2891,43;14;101,47;124,66;288,27;159,16;666,67;0;0;0;0;;;;;;;;;2891,43;;;;;
240;2;2039;2474,9660928983;2062,47;1866,67;0;0;;0;;0;;36,83;;;42,35;126,84;0;0;0;0;196,14;0;;2166,67;;0;;141,67;425,01;;;14,52;;1598,22;;1200;Février 2139;25670;2,5;786,61;NC;2900,25;14;102,7;126,18;235,37;150,34;666,67;0;0;0;0;;;;;;;;;2900,25;;;;;
241;3;2039;2474,9660928983;2062,47;1866,67;0;0;;0;;0;;36,83;;;42,35;169,19;0;0;0;0;196,14;0;;2166,67;;0;;141,67;566,68;;;14,52;;1598,22;;1200;Mars 2139;25671;2,5;786,61;NC;2900,25;14;102,7;126,18;235,37;150,34;666,67;0;0;0;0;;;;;;;;;2900,25;;;;;
242;4;2039;2474,9660928983;2062,47;1866,67;0;0;;0;;0;;36,83;;;42,35;211,54;0;0;0;0;196,14;0;;2166,67;;0;;141,67;708,35;;;14,52;;1598,22;;1200;Avril 2139;25672;2,5;786,61;NC;2900,25;14;102,7;126,18;235,37;150,34;666,67;0;0;0;0;;;;;;;;;2900,25;;;;;
243;5;2039;2474,9660928983;2062,47;1866,67;0;0;;0;;0;;36,83;;;42,35;253,89;0;0;0;0;196,14;0;;2166,67;;0;;141,67;850,02;;;14,52;;1598,22;;1200;Mai 2139;25673;2,5;786,61;NC;2900,25;14;102,7;126,18;235,37;150,34;666,67;0;0;0;0;;;;;;;;;2900,25;;;;;
244;6;2039;2474,9660928983;2062,47;1866,67;0;0;;0;;0;;36,83;;;42,35;296,24;0;0;0;0;196,14;0;;2166,67;;0;;141,67;991,69;;;14,52;;1598,22;;1200;Juin 2139;25674;2,5;786,61;NC;2900,25;14;102,7;126,18;235,37;150,34;666,67;0;0;0;0;;;;;;;;;2900,25;;;;;
245;7;2039;2474,9660928983;2062,47;1866,67;0;0;;0;;0;;36,83;;;42,35;338,59;0;0;0;0;196,14;0;;2166,67;;0;;141,67;1133,36;;;14,52;;1598,22;;1200;Juillet 2139;25675;2,5;786,61;NC;2900,25;14;102,7;126,18;235,37;150,34;666,67;0;0;0;0;;;;;;;;;2900,25;;;;;
246;8;2039;2474,9660928983;2062,47;1866,67;0;0;;0;;0;;36,83;;;42,35;380,94;0;0;0;0;196,14;0;;2166,67;;0;;141,67;1275,03;;;14,52;;1598,22;;1200;Aout 2139;25676;2,5;786,61;NC;2900,25;14;102,7;126,18;235,37;150,34;666,67;0;0;0;0;;;;;;;;;2900,25;;;;;
247;9;2039;2474,9660928983;2062,47;1866,67;0;0;;0;;0;;36,83;;;42,35;423,29;0;0;0;0;196,14;0;;2166,67;;0;;141,67;1416,7;;;14,52;;1563,55;;1200;Septembre 2139;25677;2,5;786,61;NC;3011,36;14;118,26;145,29;235,37;39,23;0;0;0;0;0;;;;;;;;;3011,36;;;;;
248;10;2039;2474,9660928983;2062,47;1866,67;0;0;;0;;0;;36,83;;;42,35;465,64;0;0;0;0;196,14;0;;2166,67;;0;;141,67;1558,37;;;14,52;;1563,55;;1200;Octobre 2139;25678;2,5;786,61;NC;3011,36;14;118,26;145,29;235,37;39,23;0;0;0;0;0;;;;;;;;;3011,36;;;;;
249;11;2039;2474,9660928983;2062,47;1866,67;0;0;;0;;0;;36,83;;;42,35;507,99;0;0;0;0;196,14;0;;2166,67;;0;;141,67;1700,04;;;14,52;;1563,55;;1200;Novembre 2139;25679;2,5;786,61;NC;3011,36;14;118,26;145,29;235,37;39,23;0;0;0;0;0;;;;;;;;;3011,36;;;;;
250;12;2039;2474,9660928983;2062,47;1866,67;0;0;;0;;0;;36,83;;;42,35;550,34;0;0;0;0;236,14;0;;2166,67;;0;;141,67;1841,71;;;14,52;;1563,55;;1200;Décembre 2140;25692;2,5;746,61;NC;3011,36;14;118,26;145,29;235,37;39,23;0;0;0;0;0;;;;;;;;;3011,36;;;;;
251;1;2040;2487,3409233628;2072,78;1866,67;0;0;;0;;0;;37,01;;;42,56;84,91;0;0;0;0;196,14;0;;2166,67;;0;;141,67;283,34;;;14,63;;1572,48;;1200;Janvier 2140;25681;2,5;782,19;NC;3015,78;14;118,88;146,05;235,37;39,23;0;0;0;0;0;;;;;;;;;3015,78;;;;;
252;2;2040;2487,3409233628;2072,78;1866,67;0;0;;0;;0;;37,01;;;42,56;127,47;0;0;0;0;196,56;0;;2166,67;;0;;141,67;425,01;;;14,63;;1572,02;;1200;Février 2140;25682;2,5;781,77;NC;3015,7;14;118,86;146,03;235,87;39,31;0;0;0;0;0;;;;;;;;;3015,7;;;;;
253;3;2040;2487,3409233628;2072,78;1866,67;0;0;;0;;0;;37,01;;;42,56;170,03;0;0;0;0;196,56;0;;2166,67;;0;;141,67;566,68;;;14,63;;1572,02;;1200;Mars 2140;25683;2,5;781,77;NC;3015,7;14;118,86;146,03;235,87;39,31;0;0;0;0;0;;;;;;;;;3015,7;;;;;
254;4;2040;2487,3409233628;2072,78;1866,67;0;0;;0;;0;;37,01;;;42,56;212,59;0;0;0;0;196,56;0;;2166,67;;0;;141,67;708,35;;;14,63;;1572,02;;1200;Avril 2140;25684;2,5;781,77;NC;3015,7;14;118,86;146,03;235,87;39,31;0;0;0;0;0;;;;;;;;;3015,7;;;;;
255;5;2040;2487,3409233628;2072,78;1866,67;0;0;;0;;0;;37,01;;;42,56;255,15;0;0;0;0;196,56;0;;2166,67;;0;;141,67;850,02;;;14,63;;1572,02;;1200;Mai 2140;25685;2,5;781,77;NC;3015,7;14;118,86;146,03;235,87;39,31;0;0;0;0;0;;;;;;;;;3015,7;;;;;
256;6;2040;2487,3409233628;2072,78;1866,67;0;0;;0;;0;;37,01;;;42,56;297,71;0;0;0;0;196,56;0;;2166,67;;0;;141,67;991,69;;;14,63;;1572,02;;1200;Juin 2140;25686;2,5;781,77;NC;3015,7;14;118,86;146,03;235,87;39,31;0;0;0;0;0;;;;;;;;;3015,7;;;;;
257;7;2040;2487,3409233628;2072,78;1866,67;0;0;;0;;0;;37,01;;;42,56;340,27;0;0;0;0;196,56;0;;2166,67;;0;;141,67;1133,36;;;14,63;;1572,02;;1200;Juillet 2140;25687;2,5;781,77;NC;3015,7;14;118,86;146,03;235,87;39,31;0;0;0;0;0;;;;;;;;;3015,7;;;;;
258;8;2040;2487,3409233628;2072,78;1866,67;0;0;;0;;0;;37,01;;;42,56;382,83;0;0;0;0;196,56;0;;2166,67;;0;;141,67;1275,03;;;14,63;;1572,02;;1200;Aout 2140;25688;2,5;781,77;NC;3015,7;14;118,86;146,03;235,87;39,31;0;0;0;0;0;;;;;;;;;3015,7;;;;;
259;9;2040;2487,3409233628;2072,78;1866,67;0;0;;0;;0;;37,01;;;42,56;425,39;0;0;0;0;196,56;0;;2166,67;;0;;141,67;1416,7;;;14,63;;1572,02;;1200;Septembre 2140;25689;2,5;781,77;NC;3015,7;14;118,86;146,03;235,87;39,31;0;0;0;0;0;;;;;;;;;3015,7;;;;;
260;10;2040;2487,3409233628;2072,78;1866,67;0;0;;0;;0;;37,01;;;42,56;467,95;0;0;0;0;196,56;0;;2166,67;;0;;141,67;1558,37;;;14,63;;1572,02;;1200;Octobre 2140;25690;2,5;781,77;NC;3015,7;14;118,86;146,03;235,87;39,31;0;0;0;0;0;;;;;;;;;3015,7;;;;;
261;11;2040;2487,3409233628;2072,78;1866,67;0;0;;0;;0;;37,01;;;42,56;510,51;0;0;0;0;196,56;0;;2166,67;;0;;141,67;1700,04;;;14,63;;1572,02;;1200;Novembre 2140;25691;2,5;781,77;NC;3015,7;14;118,86;146,03;235,87;39,31;0;0;0;0;0;;;;;;;;;3015,7;;;;;
262;12;2040;2487,3409233628;2072,78;1866,67;0;0;;0;;0;;37,01;;;42,56;553,07;0;0;0;0;236,56;0;;2166,67;;0;;141,67;1841,71;;;14,63;;1572,02;;1200;Décembre 2141;25704;2,5;741,77;NC;3015,7;14;118,86;146,03;235,87;39,31;0;0;0;0;0;;;;;;;;;3015,7;;;;;
263;1;2041;2499,7776279796;2083,15;1866,67;0;0;;0;;0;;37,2;;;42,77;85,33;0;0;0;0;196,56;0;;2166,67;;0;;141,67;283,34;;;14,74;;1580,99;;1200;Janvier 2141;25693;2,5;777,33;NC;3020,14;14;119,49;146,8;235,87;39,31;0;0;0;0;0;;;;;;;;;3020,14;;;;;
264;2;2041;2499,7776279796;2083,15;1866,67;0;0;;0;;0;;37,2;;;42,77;128,1;0;0;0;0;196,98;0;;2166,67;;0;;141,67;425,01;;;14,74;;1580,52;;1200;Février 2141;25694;2,5;776,91;NC;3020,05;14;119,47;146,78;236,38;39,4;0;0;0;0;0;;;;;;;;;3020,05;;;;;
265;3;2041;2499,7776279796;2083,15;1866,67;0;0;;0;;0;;37,2;;;42,77;170,87;0;0;0;0;196,98;0;;2166,67;;0;;141,67;566,68;;;14,74;;1580,52;;1200;Mars 2141;25695;2,5;776,91;NC;3020,05;14;119,47;146,78;236,38;39,4;0;0;0;0;0;;;;;;;;;3020,05;;;;;
266;4;2041;2499,7776279796;2083,15;1866,67;0;0;;0;;0;;37,2;;;42,77;213,64;0;0;0;0;196,98;0;;2166,67;;0;;141,67;708,35;;;14,74;;1580,52;;1200;Avril 2141;25696;2,5;776,91;NC;3020,05;14;119,47;146,78;236,38;39,4;0;0;0;0;0;;;;;;;;;3020,05;;;;;
267;5;2041;2499,7776279796;2083,15;1866,67;0;0;;0;;0;;37,2;;;42,77;256,41;0;0;0;0;196,98;0;;2166,67;;0;;141,67;850,02;;;14,74;;1580,52;;1200;Mai 2141;25697;2,5;776,91;NC;3020,05;14;119,47;146,78;236,38;39,4;0;0;0;0;0;;;;;;;;;3020,05;;;;;
268;6;2041;2499,7776279796;2083,15;1866,67;0;0;;0;;0;;37,2;;;42,77;299,18;0;0;0;0;196,98;0;;2166,67;;0;;141,67;991,69;;;14,74;;1580,52;;1200;Juin 2141;25698;2,5;776,91;NC;3020,05;14;119,47;146,78;236,38;39,4;0;0;0;0;0;;;;;;;;;3020,05;;;;;
269;7;2041;2499,7776279796;2083,15;1866,67;0;0;;0;;0;;37,2;;;42,77;341,95;0;0;0;0;196,98;0;;2166,67;;0;;141,67;1133,36;;;14,74;;1580,52;;1200;Juillet 2141;25699;2,5;776,91;NC;3020,05;14;119,47;146,78;236,38;39,4;0;0;0;0;0;;;;;;;;;3020,05;;;;;
270;8;2041;2499,7776279796;2083,15;1866,67;0;0;;0;;0;;37,2;;;42,77;384,72;0;0;0;0;196,98;0;;2166,67;;0;;141,67;1275,03;;;14,74;;1580,52;;1200;Aout 2141;25700;2,5;776,91;NC;3020,05;14;119,47;146,78;236,38;39,4;0;0;0;0;0;;;;;;;;;3020,05;;;;;
271;9;2041;2499,7776279796;2083,15;1866,67;0;0;;0;;0;;37,2;;;42,77;427,49;0;0;0;0;196,98;0;;2166,67;;0;;141,67;1416,7;;;14,74;;1580,52;;1200;Septembre 2141;25701;2,5;776,91;NC;3020,05;14;119,47;146,78;236,38;39,4;0;0;0;0;0;;;;;;;;;3020,05;;;;;
272;10;2041;2499,7776279796;2083,15;1866,67;0;0;;0;;0;;37,2;;;42,77;470,26;0;0;0;0;196,98;0;;2166,67;;0;;141,67;1558,37;;;14,74;;1580,52;;1200;Octobre 2141;25702;2,5;776,91;NC;3020,05;14;119,47;146,78;236,38;39,4;0;0;0;0;0;;;;;;;;;3020,05;;;;;
273;11;2041;2499,7776279796;2083,15;1866,67;0;0;;0;;0;;37,2;;;42,77;513,03;0;0;0;0;196,98;0;;2166,67;;0;;141,67;1700,04;;;14,74;;1580,52;;1200;Novembre 2141;25703;2,5;776,91;NC;3020,05;14;119,47;146,78;236,38;39,4;0;0;0;0;0;;;;;;;;;3020,05;;;;;
274;12;2041;2499,7776279796;2083,15;1866,67;0;0;;0;;0;;37,2;;;42,77;555,8;0;0;0;0;236,98;0;;2166,67;;0;;141,67;1841,71;;;14,74;;1580,52;;1200;Décembre 2142;25716;2,5;736,91;NC;3020,05;14;119,47;146,78;236,38;39,4;0;0;0;0;0;;;;;;;;;3020,05;;;;;
275;1;2042;2512,2765161195;2093,56;1866,67;0;0;;0;;0;;37,39;;;42,98;85,75;0;0;0;0;196,98;0;;2166,67;;0;;141,67;283,34;;;14,85;;1589,53;;1200;Janvier 2142;25705;2,5;772,45;NC;3024,51;14;120,1;147,55;236,38;39,4;0;0;0;0;0;;;;;;;;;3024,51;;;;;
276;2;2042;2512,2765161195;2093,56;1866,67;0;0;;0;;0;;37,39;;;42,98;128,73;0;0;0;0;197,41;0;;2166,67;;0;;141,67;425,01;;;14,85;;1589,05;;1200;Février 2142;25706;2,5;772,02;NC;3024,43;14;120,09;147,53;236,89;39,48;0;0;0;0;0;;;;;;;;;3024,43;;;;;
277;3;2042;2512,2765161195;2093,56;1866,67;0;0;;0;;0;;37,39;;;42,98;171,71;0;0;0;0;197,41;0;;2166,67;;0;;141,67;566,68;;;14,85;;1589,05;;1200;Mars 2142;25707;2,5;772,02;NC;3024,43;14;120,09;147,53;236,89;39,48;0;0;0;0;0;;;;;;;;;3024,43;;;;;
278;4;2042;2512,2765161195;2093,56;1866,67;0;0;;0;;0;;37,39;;;42,98;214,69;0;0;0;0;197,41;0;;2166,67;;0;;141,67;708,35;;;14,85;;1589,05;;1200;Avril 2142;25708;2,5;772,02;NC;3024,43;14;120,09;147,53;236,89;39,48;0;0;0;0;0;;;;;;;;;3024,43;;;;;
279;5;2042;2512,2765161195;2093,56;1866,67;0;0;;0;;0;;37,39;;;42,98;257,67;0;0;0;0;197,41;0;;2166,67;;0;;141,67;850,02;;;14,85;;1589,05;;1200;Mai 2142;25709;2,5;772,02;NC;3024,43;14;120,09;147,53;236,89;39,48;0;0;0;0;0;;;;;;;;;3024,43;;;;;
280;6;2042;2512,2765161195;2093,56;1866,67;0;0;;0;;0;;37,39;;;42,98;300,65;0;0;0;0;197,41;0;;2166,67;;0;;141,67;991,69;;;14,85;;1589,05;;1200;Juin 2142;25710;2,5;772,02;NC;3024,43;14;120,09;147,53;236,89;39,48;0;0;0;0;0;;;;;;;;;3024,43;;;;;
281;7;2042;2512,2765161195;2093,56;1866,67;0;0;;0;;0;;37,39;;;42,98;343,63;0;0;0;0;197,41;0;;2166,67;;0;;141,67;1133,36;;;14,85;;1589,05;;1200;Juillet 2142;25711;2,5;772,02;NC;3024,43;14;120,09;147,53;236,89;39,48;0;0;0;0;0;;;;;;;;;3024,43;;;;;
282;8;2042;2512,2765161195;2093,56;1866,67;0;0;;0;;0;;37,39;;;42,98;386,61;0;0;0;0;197,41;0;;2166,67;;0;;141,67;1275,03;;;14,85;;1589,05;;1200;Aout 2142;25712;2,5;772,02;NC;3024,43;14;120,09;147,53;236,89;39,48;0;0;0;0;0;;;;;;;;;3024,43;;;;;
283;9;2042;2512,2765161195;2093,56;1866,67;0;0;;0;;0;;37,39;;;42,98;429,59;0;0;0;0;197,41;0;;2166,67;;0;;141,67;1416,7;;;14,85;;1589,05;;1200;Septembre 2142;25713;2,5;772,02;NC;3024,43;14;120,09;147,53;236,89;39,48;0;0;0;0;0;;;;;;;;;3024,43;;;;;
284;10;2042;2512,2765161195;2093,56;1866,67;0;0;;0;;0;;37,39;;;42,98;472,57;0;0;0;0;197,41;0;;2166,67;;0;;141,67;1558,37;;;14,85;;1589,05;;1200;Octobre 2142;25714;2,5;772,02;NC;3024,43;14;120,09;147,53;236,89;39,48;0;0;0;0;0;;;;;;;;;3024,43;;;;;
285;11;2042;2512,2765161195;2093,56;1866,67;0;0;;0;;0;;37,39;;;42,98;515,55;0;0;0;0;197,41;0;;2166,67;;0;;141,67;1700,04;;;14,85;;1589,05;;1200;Novembre 2142;25715;2,5;772,02;NC;3024,43;14;120,09;147,53;236,89;39,48;0;0;0;0;0;;;;;;;;;3024,43;;;;;
286;12;2042;2512,2765161195;2093,56;1866,67;0;0;;0;;0;;37,39;;;42,98;558,53;0;0;0;0;237,41;0;;2166,67;;0;;141,67;1841,71;;;14,85;;1589,05;;1200;Décembre 2143;25728;2,5;732,02;NC;3024,43;14;120,09;147,53;236,89;39,48;0;0;0;0;0;;;;;;;;;3024,43;;;;;
287;1;2043;2524,8378987001;2104,03;1866,67;0;0;;0;;0;;37,58;;;43,19;86,17;0;0;0;0;197,41;0;;2166,67;;0;;141,67;283,34;;;14,96;;1598,11;;1200;Janvier 2143;25717;2,5;767,53;NC;3028,92;14;120,72;148,31;236,89;39,48;0;0;0;0;0;;;;;;;;;3028,92;;;;;
288;2;2043;2524,8378987001;2104,03;1866,67;0;0;;0;;0;;37,58;;;43,19;129,36;0;0;0;0;197,83;0;;2166,67;;0;;141,67;425,01;;;14,96;;1597,64;;1200;Février 2143;25718;2,5;767,11;NC;3028,83;14;120,7;148,29;237,4;39,57;0;0;0;0;0;;;;;;;;;3028,83;;;;;
289;3;2043;2524,8378987001;2104,03;1866,67;0;0;;0;;0;;37,58;;;43,19;172,55;0;0;0;0;197,83;0;;2166,67;;0;;141,67;566,68;;;14,96;;1597,64;;1200;Mars 2143;25719;2,5;767,11;NC;3028,83;14;120,7;148,29;237,4;39,57;0;0;0;0;0;;;;;;;;;3028,83;;;;;
290;4;2043;2524,8378987001;2104,03;1866,67;0;0;;0;;0;;37,58;;;43,19;215,74;0;0;0;0;197,83;0;;2166,67;;0;;141,67;708,35;;;14,96;;1597,64;;1200;Avril 2143;25720;2,5;767,11;NC;3028,83;14;120,7;148,29;237,4;39,57;0;0;0;0;0;;;;;;;;;3028,83;;;;;
291;5;2043;2524,8378987001;2104,03;1866,67;0;0;;0;;0;;37,58;;;43,19;258,93;0;0;0;0;197,83;0;;2166,67;;0;;141,67;850,02;;;14,96;;1597,64;;1200;Mai 2143;25721;2,5;767,11;NC;3028,83;14;120,7;148,29;237,4;39,57;0;0;0;0;0;;;;;;;;;3028,83;;;;;
292;6;2043;2524,8378987001;2104,03;1866,67;0;0;;0;;0;;37,58;;;43,19;302,12;0;0;0;0;197,83;0;;2166,67;;0;;141,67;991,69;;;14,96;;1597,64;;1200;Juin 2143;25722;2,5;767,11;NC;3028,83;14;120,7;148,29;237,4;39,57;0;0;0;0;0;;;;;;;;;3028,83;;;;;
293;7;2043;2524,8378987001;2104,03;1866,67;0;0;;0;;0;;37,58;;;43,19;345,31;0;0;0;0;197,83;0;;2166,67;;0;;141,67;1133,36;;;14,96;;1597,64;;1200;Juillet 2143;25723;2,5;767,11;NC;3028,83;14;120,7;148,29;237,4;39,57;0;0;0;0;0;;;;;;;;;3028,83;;;;;
294;8;2043;2524,8378987001;2104,03;1866,67;0;0;;0;;0;;37,58;;;43,19;388,5;0;0;0;0;197,83;0;;2166,67;;0;;141,67;1275,03;;;14,96;;1597,64;;1200;Aout 2143;25724;2,5;767,11;NC;3028,83;14;120,7;148,29;237,4;39,57;0;0;0;0;0;;;;;;;;;3028,83;;;;;
295;9;2043;2524,8378987001;2104,03;1866,67;0;0;;0;;0;;37,58;;;43,19;431,69;0;0;0;0;197,83;0;;2166,67;;0;;141,67;1416,7;;;14,96;;1597,64;;1200;Septembre 2143;25725;2,5;767,11;NC;3028,83;14;120,7;148,29;237,4;39,57;0;0;0;0;0;;;;;;;;;3028,83;;;;;
296;10;2043;2524,8378987001;2104,03;1866,67;0;0;;0;;0;;37,58;;;43,19;474,88;0;0;0;0;197,83;0;;2166,67;;0;;141,67;1558,37;;;14,96;;1597,64;;1200;Octobre 2143;25726;2,5;767,11;NC;3028,83;14;120,7;148,29;237,4;39,57;0;0;0;0;0;;;;;;;;;3028,83;;;;;
297;11;2043;2524,8378987001;2104,03;1866,67;0;0;;0;;0;;37,58;;;43,19;518,07;0;0;0;0;197,83;0;;2166,67;;0;;141,67;1700,04;;;14,96;;1597,64;;1200;Novembre 2143;25727;2,5;767,11;NC;3028,83;14;120,7;148,29;237,4;39,57;0;0;0;0;0;;;;;;;;;3028,83;;;;;
298;12;2043;2524,8378987001;2104,03;1866,67;0;0;;0;;0;;37,58;;;43,19;561,26;0;0;0;0;237,83;0;;2166,67;;0;;141,67;1841,71;;;14,96;;1597,64;;1200;Décembre 2144;25740;2,5;727,11;NC;3028,83;14;120,7;148,29;237,4;39,57;0;0;0;0;0;;;;;;;;;3028,83;;;;;
299;1;2044;2537,4620881936;2114,55;1866,67;0;0;;0;;0;;37,77;;;43,41;86,6;0;0;0;0;197,83;0;;2166,67;;0;;141,67;283,34;;;15,07;;1606,75;;1200;Janvier 2144;25729;2,5;762,6;NC;3033,34;14;121,33;149,07;237,4;39,57;0;0;0;0;0;;;;;;;;;3033,34;;;;;
300;2;2044;2537,4620881936;2114,55;1866,67;0;0;;0;;0;;37,77;;;43,41;130,01;0;0;0;0;198,27;0;;2166,67;;0;;141,67;425,01;;;15,07;;1606,26;;1200;Février 2144;25730;2,5;762,16;NC;3033,26;14;121,32;149,05;237,92;39,65;0;0;0;0;0;;;;;;;;;3033,26;;;;;
301;3;2044;2537,4620881936;2114,55;1866,67;0;0;;0;;0;;37,77;;;43,41;173,42;0;0;0;0;198,27;0;;2166,67;;0;;141,67;566,68;;;15,07;;1606,26;;1200;Mars 2144;25731;2,5;762,16;NC;3033,26;14;121,32;149,05;237,92;39,65;0;0;0;0;0;;;;;;;;;3033,26;;;;;
302;4;2044;2537,4620881936;2114,55;1866,67;0;0;;0;;0;;37,77;;;43,41;216,83;0;0;0;0;198,27;0;;2166,67;;0;;141,67;708,35;;;15,07;;1606,26;;1200;Avril 2144;25732;2,5;762,16;NC;3033,26;14;121,32;149,05;237,92;39,65;0;0;0;0;0;;;;;;;;;3033,26;;;;;
303;5;2044;2537,4620881936;2114,55;1866,67;0;0;;0;;0;;37,77;;;43,41;260,24;0;0;0;0;198,27;0;;2166,67;;0;;141,67;850,02;;;15,07;;1606,26;;1200;Mai 2144;25733;2,5;762,16;NC;3033,26;14;121,32;149,05;237,92;39,65;0;0;0;0;0;;;;;;;;;3033,26;;;;;
304;6;2044;2537,4620881936;2114,55;1866,67;0;0;;0;;0;;37,77;;;43,41;303,65;0;0;0;0;198,27;0;;2166,67;;0;;141,67;991,69;;;15,07;;1606,26;;1200;Juin 2144;25734;2,5;762,16;NC;3033,26;14;121,32;149,05;237,92;39,65;0;0;0;0;0;;;;;;;;;3033,26;;;;;
305;7;2044;2537,4620881936;2114,55;1866,67;0;0;;0;;0;;37,77;;;43,41;347,06;0;0;0;0;198,27;0;;2166,67;;0;;141,67;1133,36;;;15,07;;1606,26;;1200;Juillet 2144;25735;2,5;762,16;NC;3033,26;14;121,32;149,05;237,92;39,65;0;0;0;0;0;;;;;;;;;3033,26;;;;;
306;8;2044;2537,4620881936;2114,55;1866,67;0;0;;0;;0;;37,77;;;43,41;390,47;0;0;0;0;198,27;0;;2166,67;;0;;141,67;1275,03;;;15,07;;1606,26;;1200;Aout 2144;25736;2,5;762,16;NC;3033,26;14;121,32;149,05;237,92;39,65;0;0;0;0;0;;;;;;;;;3033,26;;;;;
307;9;2044;2537,4620881936;2114,55;1866,67;0;0;;0;;0;;37,77;;;43,41;433,88;0;0;0;0;198,27;0;;2166,67;;0;;141,67;1416,7;;;15,07;;1606,26;;1200;Septembre 2144;25737;2,5;762,16;NC;3033,26;14;121,32;149,05;237,92;39,65;0;0;0;0;0;;;;;;;;;3033,26;;;;;
308;10;2044;2537,4620881936;2114,55;1866,67;0;0;;0;;0;;37,77;;;43,41;477,29;0;0;0;0;198,27;0;;2166,67;;0;;141,67;1558,37;;;15,07;;1606,26;;1200;Octobre 2144;25738;2,5;762,16;NC;3033,26;14;121,32;149,05;237,92;39,65;0;0;0;0;0;;;;;;;;;3033,26;;;;;
309;11;2044;2537,4620881936;2114,55;1866,67;0;0;;0;;0;;37,77;;;43,41;520,7;0;0;0;0;198,27;0;;2166,67;;0;;141,67;1700,04;;;15,07;;1606,26;;1200;Novembre 2144;25739;2,5;762,16;NC;3033,26;14;121,32;149,05;237,92;39,65;0;0;0;0;0;;;;;;;;;3033,26;;;;;
310;12;2044;2537,4620881936;2114,55;1866,67;0;0;;0;;0;;37,77;;;43,41;564,11;0;0;0;0;238,27;0;;2166,67;;0;;141,67;1841,71;;;15,07;;1606,26;;1200;Décembre 2145;25752;2,5;722,16;NC;3033,26;14;121,32;149,05;237,92;39,65;0;0;0;0;0;;;;;;;;;3033,26;;;;;
311;1;2045;2550,1493986345;2125,12;1866,67;0;0;;0;;0;;37,96;;;43,63;87,04;0;0;0;0;198,27;0;;2166,67;;0;;141,67;283,34;;;15,18;;1615,41;;1200;Janvier 2145;25741;2,5;757,63;NC;3037,79;14;121,96;149,83;237,92;39,65;0;0;0;0;0;;;;;;;;;3037,79;;;;;
312;2;2045;2550,1493986345;2125,12;1866,67;0;0;;0;;0;;37,96;;;43,63;130,67;0;0;0;0;198,7;0;;2166,67;;0;;141,67;425,01;;;15,18;;1614,92;;1200;Février 2145;25742;2,5;757,2;NC;3037,7;14;121,94;149,82;238,44;39,74;0;0;0;0;0;;;;;;;;;3037,7;;;;;
313;3;2045;2550,1493986345;2125,12;1866,67;0;0;;0;;0;;37,96;;;43,63;174,3;0;0;0;0;198,7;0;;2166,67;;0;;141,67;566,68;;;15,18;;1614,92;;1200;Mars 2145;25743;2,5;757,2;NC;3037,7;14;121,94;149,82;238,44;39,74;0;0;0;0;0;;;;;;;;;3037,7;;;;;
314;4;2045;2550,1493986345;2125,12;1866,67;0;0;;0;;0;;37,96;;;43,63;217,93;0;0;0;0;198,7;0;;2166,67;;0;;141,67;708,35;;;15,18;;1614,92;;1200;Avril 2145;25744;2,5;757,2;NC;3037,7;14;121,94;149,82;238,44;39,74;0;0;0;0;0;;;;;;;;;3037,7;;;;;
315;5;2045;2550,1493986345;2125,12;1866,67;0;0;;0;;0;;37,96;;;43,63;261,56;0;0;0;0;198,7;0;;2166,67;;0;;141,67;850,02;;;15,18;;1614,92;;1200;Mai 2145;25745;2,5;757,2;NC;3037,7;14;121,94;149,82;238,44;39,74;0;0;0;0;0;;;;;;;;;3037,7;;;;;
316;6;2045;2550,1493986345;2125,12;1866,67;0;0;;0;;0;;37,96;;;43,63;305,19;0;0;0;0;198,7;0;;2166,67;;0;;141,67;991,69;;;15,18;;1614,92;;1200;Juin 2145;25746;2,5;757,2;NC;3037,7;14;121,94;149,82;238,44;39,74;0;0;0;0;0;;;;;;;;;3037,7;;;;;
317;7;2045;2550,1493986345;2125,12;1866,67;0;0;;0;;0;;37,96;;;43,63;348,82;0;0;0;0;198,7;0;;2166,67;;0;;141,67;1133,36;;;15,18;;1614,92;;1200;Juillet 2145;25747;2,5;757,2;NC;3037,7;14;121,94;149,82;238,44;39,74;0;0;0;0;0;;;;;;;;;3037,7;;;;;
318;8;2045;2550,1493986345;2125,12;1866,67;0;0;;0;;0;;37,96;;;43,63;392,45;0;0;0;0;198,7;0;;2166,67;;0;;141,67;1275,03;;;15,18;;1614,92;;1200;Aout 2145;25748;2,5;757,2;NC;3037,7;14;121,94;149,82;238,44;39,74;0;0;0;0;0;;;;;;;;;3037,7;;;;;
319;9;2045;2550,1493986345;2125,12;1866,67;0;0;;0;;0;;37,96;;;43,63;436,08;0;0;0;0;198,7;0;;2166,67;;0;;141,67;1416,7;;;15,18;;1614,92;;1200;Septembre 2145;25749;2,5;757,2;NC;3037,7;14;121,94;149,82;238,44;39,74;0;0;0;0;0;;;;;;;;;3037,7;;;;;
320;10;2045;2550,1493986345;2125,12;1866,67;0;0;;0;;0;;37,96;;;43,63;479,71;0;0;0;0;198,7;0;;2166,67;;0;;141,67;1558,37;;;15,18;;1614,92;;1200;Octobre 2145;25750;2,5;757,2;NC;3037,7;14;121,94;149,82;238,44;39,74;0;0;0;0;0;;;;;;;;;3037,7;;;;;
321;11;2045;2550,1493986345;2125,12;1866,67;0;0;;0;;0;;37,96;;;43,63;523,34;0;0;0;0;198,7;0;;2166,67;;0;;141,67;1700,04;;;15,18;;1614,92;;1200;Novembre 2145;25751;2,5;757,2;NC;3037,7;14;121,94;149,82;238,44;39,74;0;0;0;0;0;;;;;;;;;3037,7;;;;;
322;12;2045;2550,1493986345;2125,12;1866,67;0;0;;0;;0;;37,96;;;43,63;566,97;0;0;0;0;238,7;0;;2166,67;;0;;141,67;1841,71;;;15,18;;1614,92;;1200;Décembre 2146;25764;2,5;717,2;NC;3037,7;14;121,94;149,82;238,44;39,74;0;0;0;0;0;;;;;;;;;3037,7;;;;;
323;1;2046;2562,9001456277;2135,75;1866,67;0;0;;0;;0;;38,15;;;43,85;87,48;0;0;0;0;198,7;0;;2166,67;;0;;141,67;283,34;;;15,29;;1624,13;;1200;Janvier 2146;25753;2,5;752,65;NC;3042,25;14;122,58;150,6;238,44;39,74;0;0;0;0;0;;;;;;;;;3042,25;;;;;
324;2;2046;2562,9001456277;2135,75;1866,67;0;0;;0;;0;;38,15;;;43,85;131,33;0;0;0;0;199,13;0;;2166,67;;0;;141,67;425,01;;;15,29;;1623,64;;1200;Février 2146;25754;2,5;752,22;NC;3042,16;14;122,57;150,58;238,96;39,83;0;0;0;0;0;;;;;;;;;3042,16;;;;;
325;3;2046;2562,9001456277;2135,75;1866,67;0;0;;0;;0;;38,15;;;43,85;175,18;0;0;0;0;199,13;0;;2166,67;;0;;141,67;566,68;;;15,29;;1623,64;;1200;Mars 2146;25755;2,5;752,22;NC;3042,16;14;122,57;150,58;238,96;39,83;0;0;0;0;0;;;;;;;;;3042,16;;;;;
326;4;2046;2562,9001456277;2135,75;1866,67;0;0;;0;;0;;38,15;;;43,85;219,03;0;0;0;0;199,13;0;;2166,67;;0;;141,67;708,35;;;15,29;;1623,64;;1200;Avril 2146;25756;2,5;752,22;NC;3042,16;14;122,57;150,58;238,96;39,83;0;0;0;0;0;;;;;;;;;3042,16;;;;;
327;5;2046;2562,9001456277;2135,75;1866,67;0;0;;0;;0;;38,15;;;43,85;262,88;0;0;0;0;199,13;0;;2166,67;;0;;141,67;850,02;;;15,29;;1623,64;;1200;Mai 2146;25757;2,5;752,22;NC;3042,16;14;122,57;150,58;238,96;39,83;0;0;0;0;0;;;;;;;;;3042,16;;;;;
328;6;2046;2562,9001456277;2135,75;1866,67;0;0;;0;;0;;38,15;;;43,85;306,73;0;0;0;0;199,13;0;;2166,67;;0;;141,67;991,69;;;15,29;;1623,64;;1200;Juin 2146;25758;2,5;752,22;NC;3042,16;14;122,57;150,58;238,96;39,83;0;0;0;0;0;;;;;;;;;3042,16;;;;;
329;7;2046;2562,9001456277;2135,75;1866,67;0;0;;0;;0;;38,15;;;43,85;350,58;0;0;0;0;199,13;0;;2166,67;;0;;141,67;1133,36;;;15,29;;1623,64;;1200;Juillet 2146;25759;2,5;752,22;NC;3042,16;14;122,57;150,58;238,96;39,83;0;0;0;0;0;;;;;;;;;3042,16;;;;;
330;8;2046;2562,9001456277;2135,75;1866,67;0;0;;0;;0;;38,15;;;43,85;394,43;0;0;0;0;199,13;0;;2166,67;;0;;141,67;1275,03;;;15,29;;1623,64;;1200;Aout 2146;25760;2,5;752,22;NC;3042,16;14;122,57;150,58;238,96;39,83;0;0;0;0;0;;;;;;;;;3042,16;;;;;
331;9;2046;2562,9001456277;2135,75;1866,67;0;0;;0;;0;;38,15;;;43,85;438,28;0;0;0;0;199,13;0;;2166,67;;0;;141,67;1416,7;;;15,29;;1623,64;;1200;Septembre 2146;25761;2,5;752,22;NC;3042,16;14;122,57;150,58;238,96;39,83;0;0;0;0;0;;;;;;;;;3042,16;;;;;
332;10;2046;2562,9001456277;2135,75;1866,67;0;0;;0;;0;;38,15;;;43,85;482,13;0;0;0;0;199,13;0;;2166,67;;0;;141,67;1558,37;;;15,29;;1623,64;;1200;Octobre 2146;25762;2,5;752,22;NC;3042,16;14;122,57;150,58;238,96;39,83;0;0;0;0;0;;;;;;;;;3042,16;;;;;
333;11;2046;2562,9001456277;2135,75;1866,67;0;0;;0;;0;;38,15;;;43,85;525,98;0;0;0;0;199,13;0;;2166,67;;0;;141,67;1700,04;;;15,29;;1623,64;;1200;Novembre 2146;25763;2,5;752,22;NC;3042,16;14;122,57;150,58;238,96;39,83;0;0;0;0;0;;;;;;;;;3042,16;;;;;
334;12;2046;2562,9001456277;2135,75;1866,67;0;0;;0;;0;;38,15;;;43,85;569,83;0;0;0;0;239,13;0;;2166,67;;0;;141,67;1841,71;;;15,29;;1623,64;;1200;Décembre 2147;25776;2,5;712,22;NC;3042,16;14;122,57;150,58;238,96;39,83;0;0;0;0;0;;;;;;;;;3042,16;;;;;
335;1;2047;2575,7146463558;2146,43;1866,67;0;0;;0;;0;;38,34;;;44,07;87,92;0;0;0;0;199,13;0;;2166,67;;0;;141,67;283,34;;;15,4;;1632,89;;1200;Janvier 2147;25765;2,5;747,64;NC;3046,74;14;123,21;151,37;238,96;39,83;0;0;0;0;0;;;;;;;;;3046,74;;;;;
336;2;2047;2575,7146463558;2146,43;1866,67;0;0;;0;;0;;38,34;;;44,07;131,99;0;0;0;0;199,57;0;;2166,67;;0;;141,67;425,01;;;15,4;;1632,39;;1200;Février 2147;25766;2,5;747,2;NC;3046,66;14;123,2;151,36;239,48;39,91;0;0;0;0;0;;;;;;;;;3046,66;;;;;
337;3;2047;2575,7146463558;2146,43;1866,67;0;0;;0;;0;;38,34;;;44,07;176,06;0;0;0;0;199,57;0;;2166,67;;0;;141,67;566,68;;;15,4;;1632,39;;1200;Mars 2147;25767;2,5;747,2;NC;3046,66;14;123,2;151,36;239,48;39,91;0;0;0;0;0;;;;;;;;;3046,66;;;;;
338;4;2047;2575,7146463558;2146,43;1866,67;0;0;;0;;0;;38,34;;;44,07;220,13;0;0;0;0;199,57;0;;2166,67;;0;;141,67;708,35;;;15,4;;1632,39;;1200;Avril 2147;25768;2,5;747,2;NC;3046,66;14;123,2;151,36;239,48;39,91;0;0;0;0;0;;;;;;;;;3046,66;;;;;
339;5;2047;2575,7146463558;2146,43;1866,67;0;0;;0;;0;;38,34;;;44,07;264,2;0;0;0;0;199,57;0;;2166,67;;0;;141,67;850,02;;;15,4;;1632,39;;1200;Mai 2147;25769;2,5;747,2;NC;3046,66;14;123,2;151,36;239,48;39,91;0;0;0;0;0;;;;;;;;;3046,66;;;;;
340;6;2047;2575,7146463558;2146,43;1866,67;0;0;;0;;0;;38,34;;;44,07;308,27;0;0;0;0;199,57;0;;2166,67;;0;;141,67;991,69;;;15,4;;1632,39;;1200;Juin 2147;25770;2,5;747,2;NC;3046,66;14;123,2;151,36;239,48;39,91;0;0;0;0;0;;;;;;;;;3046,66;;;;;
341;7;2047;2575,7146463558;2146,43;1866,67;0;0;;0;;0;;38,34;;;44,07;352,34;0;0;0;0;199,57;0;;2166,67;;0;;141,67;1133,36;;;15,4;;1632,39;;1200;Juillet 2147;25771;2,5;747,2;NC;3046,66;14;123,2;151,36;239,48;39,91;0;0;0;0;0;;;;;;;;;3046,66;;;;;
342;8;2047;2575,7146463558;2146,43;1866,67;0;0;;0;;0;;38,34;;;44,07;396,41;0;0;0;0;199,57;0;;2166,67;;0;;141,67;1275,03;;;15,4;;1632,39;;1200;Aout 2147;25772;2,5;747,2;NC;3046,66;14;123,2;151,36;239,48;39,91;0;0;0;0;0;;;;;;;;;3046,66;;;;;
343;9;2047;2575,7146463558;2146,43;1866,67;0;0;;0;;0;;38,34;;;44,07;440,48;0;0;0;0;199,57;0;;2166,67;;0;;141,67;1416,7;;;15,4;;1632,39;;1200;Septembre 2147;25773;2,5;747,2;NC;3046,66;14;123,2;151,36;239,48;39,91;0;0;0;0;0;;;;;;;;;3046,66;;;;;
344;10;2047;2575,7146463558;2146,43;1866,67;0;0;;0;;0;;38,34;;;44,07;484,55;0;0;0;0;199,57;0;;2166,67;;0;;141,67;1558,37;;;15,4;;1632,39;;1200;Octobre 2147;25774;2,5;747,2;NC;3046,66;14;123,2;151,36;239,48;39,91;0;0;0;0;0;;;;;;;;;3046,66;;;;;
345;11;2047;2575,7146463558;2146,43;1866,67;0;0;;0;;0;;38,34;;;44,07;528,62;0;0;0;0;199,57;0;;2166,67;;0;;141,67;1700,04;;;15,4;;1632,39;;1200;Novembre 2147;25775;2,5;747,2;NC;3046,66;14;123,2;151,36;239,48;39,91;0;0;0;0;0;;;;;;;;;3046,66;;;;;
346;12;2047;2575,7146463558;2146,43;1866,67;0;0;;0;;0;;38,34;;;44,07;572,69;0;0;0;0;239,57;0;;2166,67;;0;;141,67;1841,71;;;15,4;;1632,39;;1200;Décembre 2148;25788;2,5;707,2;NC;3046,66;14;123,2;151,36;239,48;39,91;0;0;0;0;0;;;;;;;;;3046,66;;;;;
347;1;2048;2588,5932195876;2157,16;1866,67;0;0;;0;;0;;38,53;;;44,29;88,36;0;0;0;0;199,57;0;;2166,67;;0;;141,67;283,34;;;15,52;;1641,69;;1200;Janvier 2148;25777;2,5;742,6;NC;3051,26;14;123,84;152,15;239,48;39,91;0;0;0;0;0;;;;;;;;;3051,26;;;;;
348;2;2048;2588,5932195876;2157,16;1866,67;0;0;;0;;0;;38,53;;;44,29;132,65;0;0;0;0;200,01;0;;2166,67;;0;;141,67;425,01;;;15,52;;1641,19;;1200;Février 2148;25778;2,5;742,16;NC;3051,17;14;123,83;152,13;240,01;40;0;0;0;0;0;;;;;;;;;3051,17;;;;;
349;3;2048;2588,5932195876;2157,16;1866,67;0;0;;0;;0;;38,53;;;44,29;176,94;0;0;0;0;200,01;0;;2166,67;;0;;141,67;566,68;;;15,52;;1641,19;;1200;Mars 2148;25779;2,5;742,16;NC;3051,17;14;123,83;152,13;240,01;40;0;0;0;0;0;;;;;;;;;3051,17;;;;;
350;4;2048;2588,5932195876;2157,16;1866,67;0;0;;0;;0;;38,53;;;44,29;221,23;0;0;0;0;200,01;0;;2166,67;;0;;141,67;708,35;;;15,52;;1641,19;;1200;Avril 2148;25780;2,5;742,16;NC;3051,17;14;123,83;152,13;240,01;40;0;0;0;0;0;;;;;;;;;3051,17;;;;;
351;5;2048;2588,5932195876;2157,16;1866,67;0;0;;0;;0;;38,53;;;44,29;265,52;0;0;0;0;200,01;0;;2166,67;;0;;141,67;850,02;;;15,52;;1641,19;;1200;Mai 2148;25781;2,5;742,16;NC;3051,17;14;123,83;152,13;240,01;40;0;0;0;0;0;;;;;;;;;3051,17;;;;;
352;6;2048;2588,5932195876;2157,16;1866,67;0;0;;0;;0;;38,53;;;44,29;309,81;0;0;0;0;200,01;0;;2166,67;;0;;141,67;991,69;;;15,52;;1641,19;;1200;Juin 2148;25782;2,5;742,16;NC;3051,17;14;123,83;152,13;240,01;40;0;0;0;0;0;;;;;;;;;3051,17;;;;;
353;7;2048;2588,5932195876;2157,16;1866,67;0;0;;0;;0;;38,53;;;44,29;354,1;0;0;0;0;200,01;0;;2166,67;;0;;141,67;1133,36;;;15,52;;1641,19;;1200;Juillet 2148;25783;2,5;742,16;NC;3051,17;14;123,83;152,13;240,01;40;0;0;0;0;0;;;;;;;;;3051,17;;;;;
354;8;2048;2588,5932195876;2157,16;1866,67;0;0;;0;;0;;38,53;;;44,29;398,39;0;0;0;0;200,01;0;;2166,67;;0;;141,67;1275,03;;;15,52;;1641,19;;1200;Aout 2148;25784;2,5;742,16;NC;3051,17;14;123,83;152,13;240,01;40;0;0;0;0;0;;;;;;;;;3051,17;;;;;
355;9;2048;2588,5932195876;2157,16;1866,67;0;0;;0;;0;;38,53;;;44,29;442,68;0;0;0;0;200,01;0;;2166,67;;0;;141,67;1416,7;;;15,52;;1641,19;;1200;Septembre 2148;25785;2,5;742,16;NC;3051,17;14;123,83;152,13;240,01;40;0;0;0;0;0;;;;;;;;;3051,17;;;;;
356;10;2048;2588,5932195876;2157,16;1866,67;0;0;;0;;0;;38,53;;;44,29;486,97;0;0;0;0;200,01;0;;2166,67;;0;;141,67;1558,37;;;15,52;;1641,19;;1200;Octobre 2148;25786;2,5;742,16;NC;3051,17;14;123,83;152,13;240,01;40;0;0;0;0;0;;;;;;;;;3051,17;;;;;
357;11;2048;2588,5932195876;2157,16;1866,67;0;0;;0;;0;;38,53;;;44,29;531,26;0;0;0;0;200,01;0;;2166,67;;0;;141,67;1700,04;;;15,52;;1641,19;;1200;Novembre 2148;25787;2,5;742,16;NC;3051,17;14;123,83;152,13;240,01;40;0;0;0;0;0;;;;;;;;;3051,17;;;;;
358;12;2048;2588,5932195876;2157,16;1866,67;0;0;;0;;0;;38,53;;;44,29;575,55;0;0;0;0;240,01;0;;2166,67;;0;;141,67;1841,71;;;15,52;;1641,19;;1200;Décembre 2149;25800;2,5;702,16;NC;3051,17;14;123,83;152,13;240,01;40;0;0;0;0;0;;;;;;;;;3051,17;;;;;
359;1;2049;2601,5361856856;2167,95;1866,67;0;0;;0;;0;;38,72;;;44,51;88,8;0;0;0;0;200,01;0;;2166,67;;0;;141,67;283,34;;;15,64;;1650,53;;1200;Janvier 2149;25789;2,5;737,54;NC;3055,79;14;124,48;152,93;240,01;40;0;0;0;0;0;;;;;;;;;3055,79;;;;;
360;01;;;;;;;;;;;;;;;;;;;;;;;;;;;;;;;;;;;;;;;;;;;;;;;;;;;;;;;;;;;;;;;;;;
